timestamp,position_lat@deg,position_long@deg,distance@km,enhanced_altitude@m,altitude@m,enhanced_speed@km/h,speed@km/h,heart_rate@bpm,cadence@rpm,temperature@C,fractional_cadence@rpm
2019-11-21T10:05:28+00:00,-37.769486512988806,144.9975580908358,0.0,59.799999999999955,59.799999999999955,0.3024,0.3024,79,0,28,0.0
2019-11-21T10:05:29+00:00,-37.76948626153171,144.99756119213998,0.00026000000000000003,60.0,60.0,1.1988,1.1988,79,0,28,0.0
2019-11-21T10:05:41+00:00,-37.76965733617544,144.99756823293865,0.00026000000000000003,60.0,60.0,12.69,12.69,82,75,28,0.0
2019-11-21T10:05:42+00:00,-37.76970025151968,144.99755817465484,0.00511,59.799999999999955,59.799999999999955,13.536,13.536,82,72,28,0.0
2019-11-21T10:05:47+00:00,-37.76990091428161,144.99751090072095,0.026850000000000002,59.60000000000002,59.60000000000002,16.1568,16.1568,79,67,28,0.0
2019-11-21T10:05:50+00:00,-37.77002119459212,144.9974751099944,0.04054,60.0,60.0,16.5924,16.5924,80,61,28,0.0
2019-11-21T10:05:56+00:00,-37.77031070552766,144.99738936312497,0.06885,60.39999999999998,60.39999999999998,17.1648,17.1648,85,64,27,0.0
2019-11-21T10:05:57+00:00,-37.770349346101284,144.99738089740276,0.07363,60.39999999999998,60.39999999999998,17.197200000000002,17.197200000000002,88,62,27,0.0
2019-11-21T10:05:58+00:00,-37.77038840577006,144.9973727669567,0.07840000000000001,60.60000000000002,60.60000000000002,17.1648,17.1648,92,59,27,0.0
2019-11-21T10:06:00+00:00,-37.77046359144151,144.99735524877906,0.08793000000000001,60.799999999999955,60.799999999999955,17.064,17.064,93,58,27,0.0
2019-11-21T10:06:02+00:00,-37.7705452311784,144.99733756296337,0.09766,60.799999999999955,60.799999999999955,17.737199999999998,17.737199999999998,98,59,27,0.0
2019-11-21T10:06:03+00:00,-37.77058336883783,144.99732716940343,0.10262,60.799999999999955,60.799999999999955,17.870400000000004,17.870400000000004,95,59,27,0.0
2019-11-21T10:06:04+00:00,-37.770624021068215,144.9973172787577,0.10758,60.799999999999955,60.799999999999955,17.870400000000004,17.870400000000004,99,60,27,0.0
2019-11-21T10:06:05+00:00,-37.770664086565375,144.99730495736003,0.11268,61.0,61.0,18.342,18.342,102,58,27,0.0
2019-11-21T10:06:09+00:00,-37.770827785134315,144.99726011417806,0.13333,61.0,61.0,18.7776,18.7776,105,60,27,0.0
2019-11-21T10:06:10+00:00,-37.77087287977338,144.9972514808178,0.13845,61.0,61.0,18.4068,18.4068,106,60,27,0.0
2019-11-21T10:06:12+00:00,-37.77096231468022,144.99724242836237,0.14861000000000002,61.0,61.0,18.172800000000002,18.172800000000002,109,59,27,0.0
2019-11-21T10:06:13+00:00,-37.77101067826152,144.99723664484918,0.15361000000000002,61.0,61.0,18.003600000000002,18.003600000000002,113,59,27,0.0
2019-11-21T10:06:14+00:00,-37.77105376124382,144.9972274247557,0.15854,61.200000000000045,61.200000000000045,17.7696,17.7696,113,57,27,0.0
2019-11-21T10:06:16+00:00,-37.7711393404752,144.9972118344158,0.16834,61.60000000000002,61.60000000000002,17.636400000000002,17.636400000000002,115,58,27,0.0
2019-11-21T10:06:19+00:00,-37.77126087807119,144.99719750136137,0.18308000000000002,61.799999999999955,61.799999999999955,17.6004,17.6004,116,56,27,0.0
2019-11-21T10:06:22+00:00,-37.77136858552694,144.9971788097173,0.19741,62.0,62.0,17.0964,17.0964,115,57,27,0.0
2019-11-21T10:06:24+00:00,-37.771443938836455,144.99715995043516,0.20705,62.0,62.0,17.636400000000002,17.636400000000002,116,59,27,0.0
2019-11-21T10:06:28+00:00,-37.77161501348019,144.99711628071964,0.22723,62.39999999999998,62.39999999999998,18.342,18.342,123,60,27,0.0
2019-11-21T10:06:29+00:00,-37.77165901847184,144.9971045460552,0.23229,62.39999999999998,62.39999999999998,18.241200000000003,18.241200000000003,123,59,27,0.0
2019-11-21T10:06:33+00:00,-37.771839648485184,144.9970585294068,0.25237,63.0,63.0,18.241200000000003,18.241200000000003,127,60,26,0.0
2019-11-21T10:06:37+00:00,-37.77205942198634,144.99700027517974,0.27251,63.200000000000045,63.200000000000045,18.0396,18.0396,127,60,26,0.0
2019-11-21T10:06:41+00:00,-37.772234519943595,144.99696138314903,0.29270999999999997,63.60000000000002,63.60000000000002,18.4068,18.4068,130,59,26,0.0
2019-11-21T10:06:43+00:00,-37.772340551018715,144.99693481251597,0.30286,63.799999999999955,63.799999999999955,18.1404,18.1404,129,59,26,0.0
2019-11-21T10:06:44+00:00,-37.77239025570452,144.99692542478442,0.30789999999999995,64.0,64.0,18.1404,18.1404,129,59,26,0.0
2019-11-21T10:06:50+00:00,-37.77268420904875,144.99687865376472,0.33786,64.39999999999998,64.39999999999998,17.9712,17.9712,126,60,26,0.0
2019-11-21T10:06:51+00:00,-37.77272930368781,144.996871445328,0.34282,64.60000000000002,64.60000000000002,17.870400000000004,17.870400000000004,125,59,26,0.0
2019-11-21T10:06:53+00:00,-37.77281932532787,144.99685870483518,0.35273000000000004,65.0,65.0,17.870400000000004,17.870400000000004,127,58,26,0.0
2019-11-21T10:06:55+00:00,-37.7729060780257,144.9968473892659,0.36289,65.39999999999998,65.39999999999998,18.511200000000002,18.511200000000002,127,61,26,0.0
2019-11-21T10:06:59+00:00,-37.77308695949614,144.99681293964386,0.38281,66.0,66.0,17.334000000000003,17.334000000000003,129,56,26,0.0
2019-11-21T10:07:00+00:00,-37.77313054539263,144.9968051444739,0.3876,66.0,66.0,17.269199999999998,17.269199999999998,128,57,26,0.0
2019-11-21T10:07:06+00:00,-37.77337864972651,144.99674957245588,0.41455000000000003,67.0,67.0,15.656400000000001,15.656400000000001,125,46,25,0.0
2019-11-21T10:07:07+00:00,-37.77341921813786,144.99673565849662,0.41901,67.20000000000005,67.20000000000005,16.059600000000003,16.059600000000003,120,53,25,0.0
2019-11-21T10:07:09+00:00,-37.77349750511348,144.99671545810997,0.428,68.0,68.0,16.192800000000002,16.192800000000002,117,54,25,0.0
2019-11-21T10:07:10+00:00,-37.77353170327842,144.99670908786356,0.4325,68.39999999999998,68.39999999999998,16.192800000000002,16.192800000000002,117,54,25,0.0
2019-11-21T10:07:12+00:00,-37.773596830666065,144.99670053832233,0.44174,68.79999999999995,68.79999999999995,16.635600000000004,16.635600000000004,119,55,25,0.0
2019-11-21T10:07:17+00:00,-37.773768324404955,144.99666097573936,0.46382999999999996,69.60000000000002,69.60000000000002,15.696000000000002,15.696000000000002,118,54,25,0.0
2019-11-21T10:07:21+00:00,-37.77391165494919,144.9966401886195,0.48079,70.79999999999995,70.79999999999995,14.4864,14.4864,120,47,25,0.0
2019-11-21T10:07:23+00:00,-37.7739854156971,144.99662501737475,0.48872000000000004,71.0,71.0,14.0832,14.0832,116,47,25,0.0
2019-11-21T10:07:24+00:00,-37.774019949138165,144.9966206587851,0.49254000000000003,71.39999999999998,71.39999999999998,13.7484,13.7484,117,55,25,0.0
2019-11-21T10:07:26+00:00,-37.774074766784906,144.99661814421415,0.49925,71.79999999999995,71.79999999999995,11.466000000000001,11.466000000000001,118,59,25,0.0
2019-11-21T10:07:28+00:00,-37.77413411065936,144.9966000393033,0.50422,72.0,72.0,8.9496,8.9496,118,42,25,0.0
2019-11-21T10:07:29+00:00,-37.77413411065936,144.9966000393033,0.50671,72.39999999999998,72.39999999999998,8.9496,8.9496,119,54,25,0.0
2019-11-21T10:07:31+00:00,-37.77415514923632,144.99652661383152,0.5130399999999999,72.39999999999998,72.39999999999998,13.291200000000002,13.291200000000002,118,73,25,0.0
2019-11-21T10:07:32+00:00,-37.7741529699415,144.99647724442184,0.51701,72.20000000000005,72.20000000000005,14.2956,14.2956,116,67,25,0.0
2019-11-21T10:07:33+00:00,-37.77414467185736,144.99642502516508,0.52171,72.20000000000005,72.20000000000005,16.9128,16.9128,115,71,25,0.0
2019-11-21T10:07:35+00:00,-37.774123046547174,144.99631270766258,0.53165,72.0,72.0,18.223200000000002,18.223200000000002,116,68,25,0.0
2019-11-21T10:07:37+00:00,-37.77410628274083,144.99619293026626,0.5424500000000001,71.60000000000002,71.60000000000002,19.8684,19.8684,114,68,25,0.0
2019-11-21T10:07:41+00:00,-37.774062529206276,144.99591507017612,0.56636,71.20000000000005,71.20000000000005,22.4856,22.4856,111,67,25,0.0
2019-11-21T10:07:42+00:00,-37.774050291627645,144.99584114179015,0.5727899999999999,71.0,71.0,23.1552,23.1552,113,68,25,0.0
2019-11-21T10:07:45+00:00,-37.774019530043006,144.9956092145294,0.59335,70.79999999999995,70.79999999999995,25.441200000000002,25.441200000000002,111,66,25,0.0
2019-11-21T10:07:48+00:00,-37.77398223057389,144.99526153318584,0.6182000000000001,70.39999999999998,70.39999999999998,28.418400000000002,28.418400000000002,112,60,25,0.0
2019-11-21T10:07:51+00:00,-37.77395716868341,144.99507252126932,0.6407200000000001,69.60000000000002,69.60000000000002,30.4992,30.4992,110,68,25,0.0
2019-11-21T10:07:54+00:00,-37.77392540127039,144.9947600439191,0.6679700000000001,68.39999999999998,68.39999999999998,33.5916,33.5916,109,74,25,0.0
2019-11-21T10:07:55+00:00,-37.773915845900774,144.99465283937752,0.67744,67.79999999999995,67.79999999999995,34.1604,34.1604,109,50,25,0.0
2019-11-21T10:07:56+00:00,-37.773906625807285,144.9945447128266,0.68699,67.20000000000005,67.20000000000005,34.362,34.362,108,0,25,0.0
2019-11-21T10:07:58+00:00,-37.77388307265937,144.99431521631777,0.70687,65.79999999999995,65.79999999999995,36.043200000000006,36.043200000000006,107,0,24,0.0
2019-11-21T10:08:00+00:00,-37.773859184235334,144.9940771702677,0.72753,64.20000000000005,64.20000000000005,37.5552,37.5552,106,0,24,0.0
2019-11-21T10:08:01+00:00,-37.77384568937123,144.99395487830043,0.73813,63.60000000000002,63.60000000000002,37.99080000000001,37.99080000000001,106,0,24,0.0
2019-11-21T10:08:02+00:00,-37.77383219450712,144.99383409507573,0.7486799999999999,62.799999999999955,62.799999999999955,37.99080000000001,37.99080000000001,102,0,24,0.0
2019-11-21T10:08:03+00:00,-37.773816268891096,144.9937169160694,0.75912,61.39999999999998,61.39999999999998,37.580400000000004,37.580400000000004,97,0,24,0.0
2019-11-21T10:08:04+00:00,-37.77379833161831,144.99360401183367,0.76936,60.0,60.0,36.8748,36.8748,94,0,24,0.0
2019-11-21T10:08:05+00:00,-37.77378072962165,144.9934883415699,0.7796000000000001,58.60000000000002,58.60000000000002,36.8748,36.8748,90,0,24,0.0
2019-11-21T10:08:06+00:00,-37.773764971643686,144.99336848035455,0.7905599999999999,57.60000000000002,57.60000000000002,39.257999999999996,39.257999999999996,87,0,24,0.0
2019-11-21T10:08:07+00:00,-37.77374804019928,144.99324643984437,0.80151,56.60000000000002,56.60000000000002,39.4272,39.4272,83,0,24,0.0
2019-11-21T10:08:08+00:00,-37.773730689659715,144.99312641099095,0.8124600000000001,55.60000000000002,55.60000000000002,39.4272,39.4272,81,0,24,0.0
2019-11-21T10:08:10+00:00,-37.77369875460863,144.99290999025106,0.8322999999999999,54.200000000000045,54.200000000000045,34.8948,34.8948,81,0,24,0.0
2019-11-21T10:08:11+00:00,-37.77368567883968,144.9928265903145,0.8409,53.60000000000002,53.60000000000002,30.6216,30.6216,81,0,24,0.0
2019-11-21T10:08:12+00:00,-37.77367377653718,144.9927560146898,0.84768,53.0,53.0,24.4008,24.4008,83,0,24,0.0
2019-11-21T10:08:13+00:00,-37.77366338297725,144.99268719926476,0.85445,52.39999999999998,52.39999999999998,24.4008,24.4008,86,0,24,0.0
2019-11-21T10:08:14+00:00,-37.773653073236346,144.99261260032654,0.86162,51.60000000000002,51.60000000000002,25.794,25.794,88,0,24,0.0
2019-11-21T10:08:15+00:00,-37.773641841486096,144.99253288842738,0.86915,50.799999999999955,50.799999999999955,27.1404,27.1404,87,0,24,0.0
2019-11-21T10:08:16+00:00,-37.77362843044102,144.99244789592922,0.87742,50.0,50.0,29.214000000000002,29.214000000000002,90,0,24,0.0
2019-11-21T10:08:18+00:00,-37.77360496111214,144.99225511215627,0.89489,48.39999999999998,48.39999999999998,32.25600000000001,32.25600000000001,92,0,24,0.0
2019-11-21T10:08:20+00:00,-37.773578222841024,144.99204397201538,0.9135800000000001,47.0,47.0,33.8616,33.8616,94,0,24,0.0
2019-11-21T10:08:21+00:00,-37.77356288395822,144.9919396173209,0.9230900000000001,46.200000000000045,46.200000000000045,33.8616,33.8616,95,0,23,0.0
2019-11-21T10:08:22+00:00,-37.773549389094114,144.99183995649219,0.93229,45.799999999999955,45.799999999999955,33.1632,33.1632,98,0,23,0.0
2019-11-21T10:08:23+00:00,-37.77353807352483,144.99174809083343,0.94031,45.39999999999998,45.39999999999998,28.8792,28.8792,103,0,23,0.0
2019-11-21T10:08:24+00:00,-37.77352759614587,144.99165882356465,0.94833,45.200000000000045,45.200000000000045,28.8792,28.8792,106,0,23,0.0
2019-11-21T10:08:26+00:00,-37.773507898673415,144.9914797861129,0.96481,44.799999999999955,44.799999999999955,29.613600000000005,29.613600000000005,109,0,23,0.0
2019-11-21T10:08:28+00:00,-37.773480992764235,144.99129563570023,0.98136,44.60000000000002,44.60000000000002,29.998800000000003,29.998800000000003,109,0,23,0.0
2019-11-21T10:08:31+00:00,-37.77344176545739,144.99102590605617,1.00594,43.60000000000002,43.60000000000002,28.1916,28.1916,113,0,23,0.0
2019-11-21T10:08:35+00:00,-37.773415530100465,144.9907783884555,1.02907,42.60000000000002,42.60000000000002,18.061200000000003,18.061200000000003,113,0,23,0.0
2019-11-21T10:08:38+00:00,-37.77340362779796,144.99064863659441,1.04254,42.39999999999998,42.39999999999998,14.274,14.274,114,0,23,0.0
2019-11-21T10:08:39+00:00,-37.77340169996023,144.99062969349325,1.0458699999999999,42.39999999999998,42.39999999999998,12.027600000000001,12.027600000000001,113,0,23,0.0
2019-11-21T10:08:40+00:00,-37.77340153232217,144.99062181450427,1.04803,42.39999999999998,42.39999999999998,7.7832,7.7832,113,0,23,0.0
2019-11-21T10:09:04+00:00,-37.773476550355554,144.9905899632722,1.04803,40.200000000000045,40.200000000000045,11.4876,11.4876,108,47,24,0.0
2019-11-21T10:09:05+00:00,-37.773506892845035,144.99058526940644,1.0518299999999998,40.200000000000045,40.200000000000045,13.6728,13.6728,107,55,24,0.0
2019-11-21T10:09:08+00:00,-37.773616360500455,144.99055869877338,1.06656,40.60000000000002,40.60000000000002,19.3824,19.3824,105,67,24,0.0
2019-11-21T10:09:10+00:00,-37.773694479838014,144.99054335989058,1.07795,40.60000000000002,40.60000000000002,20.6568,20.6568,104,74,24,0.0
2019-11-21T10:09:14+00:00,-37.773898830637336,144.99051134102046,1.10243,40.60000000000002,40.60000000000002,22.104,22.104,104,64,24,0.0
2019-11-21T10:09:15+00:00,-37.77395138517022,144.99049725942314,1.1085399999999999,40.60000000000002,40.60000000000002,22.0032,22.0032,103,63,24,0.0
2019-11-21T10:09:18+00:00,-37.774114832282066,144.9904657434672,1.12676,41.0,41.0,22.035600000000002,22.035600000000002,100,64,24,0.0
2019-11-21T10:09:20+00:00,-37.77423326857388,144.99044336378574,1.13907,41.200000000000045,41.200000000000045,22.3056,22.3056,104,64,24,0.0
2019-11-21T10:09:21+00:00,-37.774293115362525,144.99043095856905,1.14527,41.200000000000045,41.200000000000045,22.3056,22.3056,106,65,24,0.0
2019-11-21T10:09:22+00:00,-37.7743480168283,144.99041855335236,1.1515,41.39999999999998,41.39999999999998,22.4388,22.4388,105,65,24,0.0
2019-11-21T10:09:24+00:00,-37.7744550537318,144.9903933238238,1.16407,41.60000000000002,41.60000000000002,22.809600000000003,22.809600000000003,109,67,24,0.0
2019-11-21T10:09:27+00:00,-37.77462378144264,144.9903504922986,1.18301,41.799999999999955,41.799999999999955,22.4712,22.4712,113,65,24,0.0
2019-11-21T10:09:29+00:00,-37.77474045753479,144.99032895080745,1.19541,42.0,42.0,22.237199999999998,22.237199999999998,117,65,24,0.0
2019-11-21T10:09:30+00:00,-37.7747951913625,144.99032040126622,1.20148,42.0,42.0,21.8664,21.8664,116,64,24,0.0
2019-11-21T10:09:33+00:00,-37.774954782798886,144.99028461053967,1.21951,42.0,42.0,21.499200000000002,21.499200000000002,119,61,23,0.0
2019-11-21T10:09:36+00:00,-37.77509509585798,144.9902592971921,1.2370999999999999,42.0,42.0,21.160800000000002,21.160800000000002,117,61,23,0.0
2019-11-21T10:09:42+00:00,-37.77537580579519,144.9902051500976,1.26946,42.0,42.0,17.802000000000003,17.802000000000003,116,29,23,0.0
2019-11-21T10:09:44+00:00,-37.775464318692684,144.99018511734903,1.27913,42.0,42.0,17.197200000000002,17.197200000000002,118,0,23,0.0
2019-11-21T10:09:45+00:00,-37.77551134116948,144.99017774127424,1.28382,42.0,42.0,16.8948,16.8948,115,0,23,0.0
2019-11-21T10:09:48+00:00,-37.77567319571972,144.99014739878476,1.2980099999999999,41.799999999999955,41.799999999999955,14.9472,14.9472,118,0,23,0.0
2019-11-21T10:09:52+00:00,-37.775787357240915,144.99012334272265,1.31213,41.799999999999955,41.799999999999955,15.552000000000001,15.552000000000001,114,4,23,0.0
2019-11-21T10:09:54+00:00,-37.775874277576804,144.9901091773063,1.32199,41.60000000000002,41.60000000000002,18.241200000000003,18.241200000000003,117,70,23,0.0
2019-11-21T10:09:55+00:00,-37.775923144072294,144.99010406434536,1.32739,41.39999999999998,41.39999999999998,19.450799999999997,19.450799999999997,116,73,23,0.0
2019-11-21T10:09:58+00:00,-37.77606965973973,144.9900790862739,1.3431600000000001,41.0,41.0,18.4068,18.4068,113,25,23,0.0
2019-11-21T10:10:00+00:00,-37.77616194449365,144.99005628749728,1.35291,41.0,41.0,17.298,17.298,110,25,23,0.0
2019-11-21T10:10:03+00:00,-37.77627903968096,144.9900195747614,1.36565,41.200000000000045,41.200000000000045,14.076,14.076,108,0,23,0.0
2019-11-21T10:10:09+00:00,-37.776411389932036,144.98995344154537,1.38337,42.0,42.0,8.733600000000001,8.733600000000001,106,0,23,0.0
2019-11-21T10:10:11+00:00,-37.77644231915474,144.98993089422584,1.3876199999999999,41.799999999999955,41.799999999999955,7.29,7.29,107,0,23,0.0
2019-11-21T10:11:07+00:00,-37.776517840102315,144.98985688202083,1.3876199999999999,41.0,41.0,15.217200000000002,15.217200000000002,97,65,23,0.0
2019-11-21T10:11:08+00:00,-37.77655606158078,144.98982142657042,1.39279,40.799999999999955,40.799999999999955,18.6084,18.6084,97,72,23,0.0
2019-11-21T10:11:11+00:00,-37.776691261678934,144.98966166749597,1.41242,40.0,40.0,24.487199999999998,24.487199999999998,94,84,23,0.0
2019-11-21T10:11:13+00:00,-37.77678187005222,144.98954356648028,1.42631,39.799999999999955,39.799999999999955,25.1244,25.1244,95,84,23,0.0
2019-11-21T10:11:16+00:00,-37.776923943310976,144.9893898423761,1.44701,39.39999999999998,39.39999999999998,24.7212,24.7212,95,71,23,0.0
2019-11-21T10:11:18+00:00,-37.77702963910997,144.98929923400283,1.46074,39.60000000000002,39.60000000000002,24.7212,24.7212,94,72,23,0.0
2019-11-21T10:11:20+00:00,-37.7771351672709,144.98920409940183,1.47449,39.39999999999998,39.39999999999998,24.7896,24.7896,91,73,23,0.0
2019-11-21T10:11:21+00:00,-37.77718998491764,144.98915707692504,1.4813800000000001,39.60000000000002,39.60000000000002,24.7896,24.7896,94,70,23,0.0
2019-11-21T10:11:26+00:00,-37.77745191939175,144.98893302865326,1.51604,40.0,40.0,25.430400000000002,25.430400000000002,92,63,23,0.0
2019-11-21T10:11:34+00:00,-37.77788861654699,144.98854771256447,1.5738699999999999,40.0,40.0,26.37,26.37,95,56,23,0.0
2019-11-21T10:11:36+00:00,-37.778000347316265,144.9884497281164,1.5888499999999999,40.200000000000045,40.200000000000045,26.974800000000002,26.974800000000002,98,56,23,0.0
2019-11-21T10:11:37+00:00,-37.778056506067514,144.98840262182057,1.5963399999999999,40.39999999999998,40.39999999999998,26.974800000000002,26.974800000000002,104,57,23,0.0
2019-11-21T10:11:38+00:00,-37.77811400592327,144.98835316859186,1.60375,40.39999999999998,40.39999999999998,26.704800000000002,26.704800000000002,109,57,23,0.0
2019-11-21T10:11:39+00:00,-37.77816924266517,144.98830480501056,1.6111199999999999,40.39999999999998,40.39999999999998,26.535600000000002,26.535600000000002,115,57,23,0.0
2019-11-21T10:11:40+00:00,-37.77822531759739,144.9882562737912,1.61846,40.39999999999998,40.39999999999998,26.4348,26.4348,120,56,23,0.0
2019-11-21T10:11:41+00:00,-37.77828264981508,144.98821335844696,1.62579,40.39999999999998,40.39999999999998,26.37,26.37,124,55,23,0.0
2019-11-21T10:11:42+00:00,-37.778336461633444,144.9881682638079,1.63301,40.200000000000045,40.200000000000045,25.999200000000002,25.999200000000002,125,56,23,0.0
2019-11-21T10:11:46+00:00,-37.77852522209287,144.98800456523895,1.65975,41.0,41.0,21.6324,21.6324,128,56,23,0.0
2019-11-21T10:11:48+00:00,-37.77863142080605,144.9879060778767,1.67123,41.0,41.0,17.636400000000002,17.636400000000002,130,0,23,0.0
2019-11-21T10:11:51+00:00,-37.77869537472725,144.98784363269806,1.68378,40.799999999999955,40.799999999999955,16.2576,16.2576,129,6,23,0.0
2019-11-21T10:11:55+00:00,-37.778848595917225,144.98768705874681,1.7046199999999998,40.60000000000002,40.60000000000002,20.0556,20.0556,126,43,23,0.0
2019-11-21T10:12:03+00:00,-37.77916534803808,144.98736058361828,1.7501300000000002,40.799999999999955,40.799999999999955,19.450799999999997,19.450799999999997,127,34,23,0.0
2019-11-21T10:12:05+00:00,-37.779237516224384,144.98730341903865,1.75996,41.200000000000045,41.200000000000045,17.535600000000002,17.535600000000002,126,0,23,0.0
2019-11-21T10:12:07+00:00,-37.779324101284146,144.98725153505802,1.76983,41.39999999999998,41.39999999999998,18.003600000000002,18.003600000000002,123,0,23,0.0
2019-11-21T10:12:09+00:00,-37.77939517982304,144.98719696886837,1.7795999999999998,41.39999999999998,41.39999999999998,17.1648,17.1648,123,22,23,0.0
2019-11-21T10:12:10+00:00,-37.77943281456828,144.98717173933983,1.7843699999999998,41.39999999999998,41.39999999999998,17.1648,17.1648,122,39,23,0.0
2019-11-21T10:12:13+00:00,-37.779566338285804,144.98708356171846,1.80067,41.60000000000002,41.60000000000002,21.096,21.096,119,44,23,0.0
2019-11-21T10:12:14+00:00,-37.7796149533242,144.9870490282774,1.8069000000000002,41.60000000000002,41.60000000000002,22.4388,22.4388,119,44,23,0.0
2019-11-21T10:12:20+00:00,-37.7799151930958,144.98681131750345,1.84671,41.0,41.0,25.7652,25.7652,117,53,23,0.0
2019-11-21T10:12:26+00:00,-37.78022591024637,144.98654737137258,1.88974,40.200000000000045,40.200000000000045,27.342,27.342,121,59,22,0.0
2019-11-21T10:12:30+00:00,-37.780472338199615,144.98633036389947,1.92322,40.200000000000045,40.200000000000045,30.9708,30.9708,124,68,22,0.0
2019-11-21T10:12:32+00:00,-37.78060049749911,144.98621771112084,1.9414200000000001,40.200000000000045,40.200000000000045,32.7492,32.7492,125,67,22,0.0
2019-11-21T10:12:35+00:00,-37.78079596348107,144.9860497377813,1.9682,39.799999999999955,39.799999999999955,31.978799999999996,31.978799999999996,129,67,22,0.0
2019-11-21T10:12:39+00:00,-37.781057730317116,144.9858174752444,1.99505,39.0,39.0,17.535600000000002,17.535600000000002,129,68,22,0.0
2019-11-21T10:12:41+00:00,-37.78119460679591,144.98569250106812,2.01352,38.799999999999955,38.799999999999955,33.5916,33.5916,127,74,22,0.0
2019-11-21T10:12:45+00:00,-37.78146995231509,144.9854434747249,2.05177,38.0,38.0,32.7492,32.7492,126,21,22,0.0
2019-11-21T10:12:49+00:00,-37.781745633110404,144.98520174063742,2.08892,37.799999999999955,37.799999999999955,34.095600000000005,34.095600000000005,122,71,22,0.0
2019-11-21T10:12:50+00:00,-37.78181620873511,144.98514164239168,2.0986599999999997,37.799999999999955,37.799999999999955,35.0676,35.0676,124,76,22,0.0
2019-11-21T10:12:52+00:00,-37.781970016658306,144.98502639122307,2.1185500000000004,37.39999999999998,37.39999999999998,36.043200000000006,36.043200000000006,121,78,22,0.0
2019-11-21T10:12:57+00:00,-37.78235684148967,144.9846934620291,2.1706,36.200000000000045,36.200000000000045,37.724399999999996,37.724399999999996,118,77,22,0.0
2019-11-21T10:12:58+00:00,-37.782433116808534,144.98462481424212,2.18115,35.799999999999955,35.799999999999955,37.958400000000005,37.958400000000005,117,81,22,0.0
2019-11-21T10:13:00+00:00,-37.78258784674108,144.98448693193495,2.20227,35.0,35.0,37.958400000000005,37.958400000000005,117,83,22,0.0
2019-11-21T10:13:06+00:00,-37.78304407373071,144.9841067288071,2.2629,34.39999999999998,34.39999999999998,35.5392,35.5392,116,77,22,0.0
2019-11-21T10:13:07+00:00,-37.78310224413872,144.98406750150025,2.2703,34.39999999999998,34.39999999999998,26.5392,26.5392,113,77,22,0.0
2019-11-21T10:13:09+00:00,-37.783167539164424,144.98402391560376,2.27909,35.0,35.0,13.5072,13.5072,111,18,22,0.0
2019-11-21T10:13:11+00:00,-37.78318245895207,144.9840187188238,2.2850900000000003,35.799999999999955,35.799999999999955,10.7892,10.7892,111,18,22,0.0
2019-11-21T10:13:12+00:00,-37.783183297142386,144.98402182012796,2.2867800000000003,36.0,36.0,6.0912,6.0912,111,14,22,0.0
2019-11-21T10:13:42+00:00,-37.783227637410164,144.9839856941253,2.2867800000000003,35.0,35.0,9.3096,9.3096,100,0,22,0.0
2019-11-21T10:13:43+00:00,-37.78325370512903,144.9839582014829,2.29052,35.0,35.0,13.4748,13.4748,101,51,22,0.0
2019-11-21T10:13:44+00:00,-37.78328413143754,144.98391889035702,2.29515,34.799999999999955,34.799999999999955,16.6644,16.6644,100,60,22,0.0
2019-11-21T10:13:48+00:00,-37.78352159075439,144.9836867954582,2.3224699999999996,34.39999999999998,34.39999999999998,26.5392,26.5392,99,92,22,0.0
2019-11-21T10:13:49+00:00,-37.78352159075439,144.9836867954582,2.32843,33.799999999999955,33.799999999999955,28.756800000000002,28.756800000000002,100,94,22,0.0
2019-11-21T10:13:54+00:00,-37.7838458865881,144.98341941274703,2.37152,33.200000000000045,33.200000000000045,31.8456,31.8456,96,82,22,0.0
2019-11-21T10:13:56+00:00,-37.783977231010795,144.98330391012132,2.3890700000000002,33.200000000000045,33.200000000000045,31.607999999999997,31.607999999999997,98,66,22,0.0
2019-11-21T10:13:59+00:00,-37.78416766785085,144.9831547960639,2.4146900000000002,33.200000000000045,33.200000000000045,30.636,30.636,97,67,22,0.0
2019-11-21T10:14:01+00:00,-37.784295324236155,144.98306661844254,2.43196,33.799999999999955,33.799999999999955,31.2048,31.2048,97,67,22,0.0
2019-11-21T10:14:05+00:00,-37.784559689462185,144.9828466773033,2.4667,34.60000000000002,34.60000000000002,31.2048,31.2048,94,67,21,0.0
2019-11-21T10:14:06+00:00,-37.78462003916502,144.98279177583754,2.4753499999999997,35.0,35.0,31.172400000000003,31.172400000000003,95,66,21,0.0
2019-11-21T10:14:08+00:00,-37.78475155122578,144.98266646638513,2.49268,35.200000000000045,35.200000000000045,31.172400000000003,31.172400000000003,95,66,21,0.0
2019-11-21T10:14:10+00:00,-37.78489136137068,144.98255389742553,2.5101199999999997,35.200000000000045,35.200000000000045,31.607999999999997,31.607999999999997,94,70,21,0.0
2019-11-21T10:14:13+00:00,-37.78510275296867,144.98240377753973,2.53694,34.200000000000045,34.200000000000045,32.245200000000004,32.245200000000004,91,67,21,0.0
2019-11-21T10:14:14+00:00,-37.785175340250134,144.98235440813005,2.5459899999999998,34.0,34.0,32.616,32.616,91,72,21,0.0
2019-11-21T10:14:15+00:00,-37.78524633497,144.9823016859591,2.55505,33.799999999999955,33.799999999999955,32.616,32.616,92,68,21,0.0
2019-11-21T10:14:19+00:00,-37.785513047128916,144.98206791467965,2.59075,32.799999999999955,32.799999999999955,31.8456,31.8456,90,67,21,0.0
2019-11-21T10:14:20+00:00,-37.78557884506881,144.9820046313107,2.5995999999999997,32.39999999999998,32.39999999999998,31.8456,31.8456,89,67,21,0.0
2019-11-21T10:14:25+00:00,-37.78592962771654,144.98170866630971,2.64445,32.0,32.0,32.684400000000004,32.684400000000004,85,70,21,0.0
2019-11-21T10:14:27+00:00,-37.78605703264475,144.98158260248601,2.66283,31.799999999999955,31.799999999999955,33.0552,33.0552,84,67,21,0.0
2019-11-21T10:14:28+00:00,-37.78611905872822,144.9815207440406,2.67202,31.600000000000023,31.600000000000023,33.0552,33.0552,82,74,21,0.0
2019-11-21T10:14:33+00:00,-37.78644075617194,144.98122033663094,2.71856,30.600000000000023,30.600000000000023,33.7248,33.7248,87,73,21,0.0
2019-11-21T10:14:34+00:00,-37.78650387190282,144.98115596361458,2.72798,30.399999999999977,30.399999999999977,33.894,33.894,90,72,21,0.0
2019-11-21T10:14:35+00:00,-37.78656422160566,144.981091003865,2.73739,30.200000000000045,30.200000000000045,33.894,33.894,94,70,21,0.0
2019-11-21T10:14:37+00:00,-37.78670109808445,144.98096661642194,2.75602,29.799999999999955,29.799999999999955,33.4548,33.4548,100,71,21,0.0
2019-11-21T10:14:38+00:00,-37.786769745871425,144.98090635053813,2.76527,29.799999999999955,29.799999999999955,33.321600000000004,33.321600000000004,103,70,21,0.0
2019-11-21T10:14:39+00:00,-37.78683906421065,144.980850527063,2.7744899999999997,29.799999999999955,29.799999999999955,33.1884,33.1884,102,72,21,0.0
2019-11-21T10:14:41+00:00,-37.78697929345071,144.98074457980692,2.7927600000000004,29.600000000000023,29.600000000000023,32.886,32.886,106,71,21,0.0
2019-11-21T10:14:42+00:00,-37.78705582022667,144.98070032335818,2.80197,29.600000000000023,29.600000000000023,33.1884,33.1884,106,70,21,0.0
2019-11-21T10:14:45+00:00,-37.78729445300996,144.98058767057955,2.8296799999999998,29.399999999999977,29.399999999999977,33.39,33.39,109,72,21,0.0
2019-11-21T10:14:46+00:00,-37.787373829633,144.98055280186236,2.83899,29.200000000000045,29.200000000000045,33.523199999999996,33.523199999999996,112,72,21,0.0
2019-11-21T10:14:51+00:00,-37.78777129948139,144.98038818128407,2.8852399999999996,28.600000000000023,28.600000000000023,33.1884,33.1884,114,69,21,0.0
2019-11-21T10:14:53+00:00,-37.7879383508116,144.9803504627198,2.9034299999999997,28.399999999999977,28.399999999999977,32.616,32.616,114,69,21,0.0
2019-11-21T10:14:57+00:00,-37.788250744342804,144.98026949353516,2.93991,28.399999999999977,28.399999999999977,32.7528,32.7528,117,70,21,0.0
2019-11-21T10:14:59+00:00,-37.78840840794146,144.9802326131612,2.9581,28.200000000000045,28.200000000000045,32.7528,32.7528,116,68,21,0.0
2019-11-21T10:15:04+00:00,-37.788798082619905,144.98014477081597,3.00219,27.600000000000023,27.600000000000023,31.3416,31.3416,114,67,21,0.0
2019-11-21T10:15:05+00:00,-37.78887980617583,144.9801300186664,3.01089,27.399999999999977,27.399999999999977,31.3416,31.3416,114,68,21,0.0
2019-11-21T10:15:11+00:00,-37.78935296460986,144.98007394373417,3.06321,27.200000000000045,27.200000000000045,30.873600000000003,30.873600000000003,112,62,21,0.0
2019-11-21T10:15:19+00:00,-37.78995486907661,144.98000278137624,3.13109,26.799999999999955,26.799999999999955,30.873600000000003,30.873600000000003,113,66,21,0.0
2019-11-21T10:15:23+00:00,-37.79024748131633,144.9799477122724,3.16574,26.799999999999955,26.799999999999955,31.8456,31.8456,115,65,21,0.0
2019-11-21T10:15:26+00:00,-37.79048033058643,144.97990689240396,3.19235,26.600000000000023,26.600000000000023,31.8456,31.8456,115,69,21,0.0
2019-11-21T10:15:28+00:00,-37.790624080225825,144.97986959293485,3.2099699999999998,26.600000000000023,26.600000000000023,31.7088,31.7088,119,65,21,0.0
2019-11-21T10:15:29+00:00,-37.79070362448692,144.97985140420496,3.21877,26.600000000000023,26.600000000000023,31.7088,31.7088,122,68,21,0.0
2019-11-21T10:15:30+00:00,-37.79078610241413,144.97983547858894,3.22758,26.600000000000023,26.600000000000023,31.7088,31.7088,122,68,21,0.0
2019-11-21T10:15:31+00:00,-37.790866484865546,144.97982013970613,3.23644,26.600000000000023,26.600000000000023,31.910400000000003,31.910400000000003,122,68,21,0.0
2019-11-21T10:15:35+00:00,-37.7911710832268,144.97975006699562,3.2720599999999997,26.399999999999977,26.399999999999977,32.112,32.112,125,68,21,0.0
2019-11-21T10:15:37+00:00,-37.79132514260709,144.9797217361629,3.2899000000000003,26.200000000000045,26.200000000000045,32.112,32.112,122,68,21,0.0
2019-11-21T10:15:38+00:00,-37.791403848677874,144.97971226461232,3.29882,26.0,26.0,32.112,32.112,125,70,21,0.0
2019-11-21T10:15:39+00:00,-37.791485488414764,144.9796995241195,3.30774,25.600000000000023,25.600000000000023,32.112,32.112,124,67,21,0.0
2019-11-21T10:15:42+00:00,-37.79172990471125,144.97965317219496,3.33437,25.799999999999955,25.799999999999955,31.7088,31.7088,121,67,21,0.0
2019-11-21T10:15:45+00:00,-37.79195831157267,144.97960380278528,3.36014,25.600000000000023,25.600000000000023,30.736800000000002,30.736800000000002,120,64,21,0.0
2019-11-21T10:15:51+00:00,-37.79241286218166,144.97953322716057,3.40948,25.600000000000023,25.600000000000023,28.116,28.116,119,43,20,0.0
2019-11-21T10:15:54+00:00,-37.79261059127748,144.97950414195657,3.43161,25.600000000000023,25.600000000000023,25.261200000000002,25.261200000000002,116,43,20,0.0
2019-11-21T10:15:57+00:00,-37.792786778882146,144.97950665652752,3.45128,25.600000000000023,25.600000000000023,21.8016,21.8016,117,9,20,0.0
2019-11-21T10:16:00+00:00,-37.792913261801004,144.97949467040598,3.46716,25.600000000000023,25.600000000000023,16.999200000000002,16.999200000000002,117,9,20,0.0
2019-11-21T10:16:01+00:00,-37.79293991625309,144.97949198819697,3.47125,25.600000000000023,25.600000000000023,14.713199999999999,14.713199999999999,115,9,20,0.0
2019-11-21T10:16:04+00:00,-37.79295173473656,144.97947505675256,3.48039,25.799999999999955,25.799999999999955,8.802,8.802,116,0,20,0.0
2019-11-21T10:16:05+00:00,-37.79295056127012,144.97947203926742,3.48039,25.799999999999955,25.799999999999955,0.0,0.0,116,0,21,0.0
2019-11-21T10:16:50+00:00,-37.79301174916327,144.97949307784438,3.48039,25.0,25.0,8.330400000000001,8.330400000000001,104,0,21,0.0
2019-11-21T10:16:51+00:00,-37.793033039197326,144.979486791417,3.4833000000000003,25.0,25.0,10.4796,10.4796,106,0,21,0.0
2019-11-21T10:16:52+00:00,-37.79306002892554,144.97947949916124,3.48664,24.799999999999955,24.799999999999955,12.024,12.024,107,39,21,0.0
2019-11-21T10:16:54+00:00,-37.7931291796267,144.979460388422,3.49506,24.399999999999977,24.399999999999977,15.7212,15.7212,111,53,21,0.0
2019-11-21T10:16:56+00:00,-37.79321609996259,144.97944546863437,3.50503,23.799999999999955,23.799999999999955,18.6768,18.6768,108,64,21,0.0
2019-11-21T10:16:57+00:00,-37.7932639606297,144.97943666763604,3.51049,23.600000000000023,23.600000000000023,19.6488,19.6488,111,66,21,0.0
2019-11-21T10:17:00+00:00,-37.793419528752565,144.97939433902502,3.5293400000000004,23.399999999999977,23.399999999999977,23.346,23.346,118,70,21,0.0
2019-11-21T10:17:02+00:00,-37.79352614656091,144.97936701402068,3.54318,23.0,23.0,25.362000000000002,25.362000000000002,118,69,21,0.0
2019-11-21T10:17:03+00:00,-37.79358783736825,144.97934664599597,3.55025,22.799999999999955,22.799999999999955,25.4628,25.4628,117,64,21,0.0
2019-11-21T10:17:05+00:00,-37.79371549375355,144.97931722551584,3.5645,22.600000000000023,22.600000000000023,25.596,25.596,120,65,21,0.0
2019-11-21T10:17:08+00:00,-37.79391783289611,144.97927925549448,3.58574,22.600000000000023,22.600000000000023,25.7652,25.7652,120,65,21,0.0
2019-11-21T10:17:15+00:00,-37.79435025528073,144.9791923351586,3.63335,22.600000000000023,22.600000000000023,23.4144,23.4144,120,59,21,0.0
2019-11-21T10:17:19+00:00,-37.79458721168339,144.97914573177695,3.6598800000000002,22.399999999999977,22.399999999999977,24.4908,24.4908,123,52,21,0.0
2019-11-21T10:17:22+00:00,-37.79476842842996,144.9791189096868,3.6808,22.399999999999977,22.399999999999977,25.5312,25.5312,121,53,21,0.0
2019-11-21T10:17:26+00:00,-37.79500940814614,144.9790671095252,3.7089899999999996,22.600000000000023,22.600000000000023,24.894000000000002,24.894000000000002,115,53,21,0.0
2019-11-21T10:17:27+00:00,-37.79507051222026,144.97905394993722,3.71564,22.600000000000023,22.600000000000023,23.918400000000002,23.918400000000002,112,51,21,0.0
2019-11-21T10:17:28+00:00,-37.79512985609472,144.979040119797,3.72214,22.600000000000023,22.600000000000023,23.4144,23.4144,113,50,21,0.0
2019-11-21T10:17:31+00:00,-37.7953140065074,144.97901522554457,3.74089,22.399999999999977,22.399999999999977,22.3056,22.3056,110,48,21,0.0
2019-11-21T10:17:34+00:00,-37.795479465276,144.97899318113923,3.75943,22.600000000000023,22.600000000000023,22.237199999999998,22.237199999999998,109,47,21,0.0
2019-11-21T10:17:35+00:00,-37.795535707846284,144.97898664325476,3.76561,22.600000000000023,22.600000000000023,22.237199999999998,22.237199999999998,106,48,21,0.0
2019-11-21T10:17:42+00:00,-37.795899230986834,144.97891690582037,3.80777,22.600000000000023,22.600000000000023,21.9384,21.9384,106,46,21,0.0
2019-11-21T10:17:48+00:00,-37.79629150405526,144.97885420918465,3.84796,22.399999999999977,22.399999999999977,23.749200000000002,23.749200000000002,105,51,21,0.0
2019-11-21T10:17:54+00:00,-37.79657975770533,144.97880408540368,3.88571,22.799999999999955,22.799999999999955,23.2128,23.2128,102,49,21,0.0
2019-11-21T10:17:57+00:00,-37.796741696074605,144.97877868823707,3.90468,23.0,23.0,22.3056,22.3056,101,47,21,0.0
2019-11-21T10:18:04+00:00,-37.79706247150898,144.9787034187466,3.94755,22.799999999999955,22.799999999999955,21.229200000000002,21.229200000000002,97,46,21,0.0
2019-11-21T10:18:07+00:00,-37.79722122475505,144.9786772672087,3.9656,22.799999999999955,22.799999999999955,22.0032,22.0032,101,46,21,0.0
2019-11-21T10:18:09+00:00,-37.79733748175204,144.978664861992,3.97784,22.799999999999955,22.799999999999955,22.035600000000002,22.035600000000002,104,46,21,0.0
2019-11-21T10:18:11+00:00,-37.79744418337941,144.9786556418985,3.9896599999999998,22.799999999999955,22.799999999999955,21.096,21.096,106,56,21,0.0
2019-11-21T10:18:15+00:00,-37.79762523248792,144.97863837517798,4.01257,22.600000000000023,22.600000000000023,21.700799999999997,21.700799999999997,109,62,21,0.0
2019-11-21T10:18:16+00:00,-37.79768189415336,144.97862848453224,4.01898,22.600000000000023,22.600000000000023,23.076,23.076,108,69,21,0.0
2019-11-21T10:18:18+00:00,-37.79779580421746,144.97861373238266,4.03176,22.399999999999977,22.399999999999977,22.942800000000002,22.942800000000002,104,66,21,0.0
2019-11-21T10:18:20+00:00,-37.797909043729305,144.9785972200334,4.0442800000000005,22.200000000000045,22.200000000000045,22.4712,22.4712,105,65,21,0.0
2019-11-21T10:18:22+00:00,-37.79801616445184,144.9785763490945,4.05648,22.600000000000023,22.600000000000023,21.700799999999997,21.700799999999997,106,58,21,0.0
2019-11-21T10:18:24+00:00,-37.79814180918038,144.97854684479535,4.06852,22.799999999999955,22.799999999999955,21.700799999999997,21.700799999999997,103,54,21,0.0
2019-11-21T10:18:27+00:00,-37.79830718412995,144.97850057668984,4.08761,23.200000000000045,23.200000000000045,24.4188,24.4188,103,60,21,0.0
2019-11-21T10:18:32+00:00,-37.79862125404179,144.97844475321472,4.12346,23.399999999999977,23.399999999999977,25.362000000000002,25.362000000000002,103,63,21,0.0
2019-11-21T10:18:36+00:00,-37.798869609832764,144.97839856892824,4.15095,23.0,23.0,24.354,24.354,100,52,21,0.0
2019-11-21T10:18:38+00:00,-37.79898628592491,144.9783765245229,4.164140000000001,23.0,23.0,23.547600000000003,23.547600000000003,100,50,21,0.0
2019-11-21T10:18:43+00:00,-37.79925383627415,144.97832514345646,4.19591,23.399999999999977,23.399999999999977,22.237199999999998,22.237199999999998,97,47,21,0.0
2019-11-21T10:18:44+00:00,-37.79931695200503,144.97831382788718,4.20203,23.399999999999977,23.399999999999977,22.0032,22.0032,97,46,21,0.0
2019-11-21T10:18:50+00:00,-37.79966630972922,144.97825490310788,4.23914,23.399999999999977,23.399999999999977,22.3056,22.3056,102,47,21,0.0
2019-11-21T10:18:52+00:00,-37.79976940713823,144.97823478654027,4.25144,23.799999999999955,23.799999999999955,22.035600000000002,22.035600000000002,106,48,21,0.0
2019-11-21T10:18:55+00:00,-37.799921203404665,144.97821341268718,4.26937,24.200000000000045,24.200000000000045,20.8944,20.8944,113,44,21,0.0
2019-11-21T10:18:56+00:00,-37.79996261000633,144.97820461168885,4.27461,24.399999999999977,24.399999999999977,18.846,18.846,113,34,21,0.0
2019-11-21T10:18:57+00:00,-37.79999094083905,144.978205030784,4.27933,24.399999999999977,24.399999999999977,17.0316,17.0316,116,34,21,0.0
2019-11-21T10:18:59+00:00,-37.80004265718162,144.97821408323944,4.2866800000000005,24.600000000000023,24.600000000000023,11.8584,11.8584,113,34,21,0.0
2019-11-21T10:19:00+00:00,-37.80007232911885,144.97822045348585,4.28958,24.600000000000023,24.600000000000023,10.3788,10.3788,114,0,21,0.0
2019-11-21T10:19:02+00:00,-37.80010082758963,144.97822791337967,4.2944700000000005,24.600000000000023,24.600000000000023,8.802,8.802,118,0,21,0.0
2019-11-21T10:19:05+00:00,-37.80017836019397,144.97825138270855,4.306649999999999,24.600000000000023,24.600000000000023,18.5436,18.5436,120,66,21,0.0
2019-11-21T10:19:06+00:00,-37.80021767131984,144.97825540602207,4.31268,24.399999999999977,24.399999999999977,21.7332,21.7332,121,75,21,0.0
2019-11-21T10:19:07+00:00,-37.800250528380275,144.97824375517666,4.31921,24.200000000000045,24.200000000000045,23.479200000000002,23.479200000000002,121,80,21,0.0
2019-11-21T10:19:10+00:00,-37.80048010870814,144.9781695753336,4.34051,23.600000000000023,23.600000000000023,25.83,25.83,121,93,21,0.0
2019-11-21T10:19:11+00:00,-37.80062620528042,144.97812355868518,4.34774,23.600000000000023,23.600000000000023,26.0316,26.0316,118,71,21,0.0
2019-11-21T10:19:17+00:00,-37.80099291354418,144.97804208658636,4.390689999999999,24.600000000000023,24.600000000000023,25.362000000000002,25.362000000000002,115,72,21,0.0
2019-11-21T10:19:19+00:00,-37.8011211566627,144.9780192039907,4.40447,24.799999999999955,24.799999999999955,24.7212,24.7212,114,71,21,0.0
2019-11-21T10:19:21+00:00,-37.801239509135485,144.97799757868052,4.4175699999999996,25.200000000000045,25.200000000000045,23.4144,23.4144,114,58,21,0.0
2019-11-21T10:19:23+00:00,-37.801332380622625,144.9779557529837,4.43025,25.399999999999977,25.399999999999977,22.572,22.572,114,56,21,0.0
2019-11-21T10:19:25+00:00,-37.801439417526126,144.9779385700822,4.44264,25.600000000000023,25.600000000000023,22.1688,22.1688,113,54,21,0.0
2019-11-21T10:19:26+00:00,-37.80149029567838,144.97792842797935,4.44875,25.799999999999955,25.799999999999955,22.0032,22.0032,114,55,21,0.0
2019-11-21T10:19:29+00:00,-37.80165935866535,144.97790705412626,4.46708,26.399999999999977,26.399999999999977,22.0032,22.0032,118,55,21,0.0
2019-11-21T10:19:33+00:00,-37.80187217518687,144.97788928449154,4.49046,26.600000000000023,26.600000000000023,20.559600000000003,20.559600000000003,121,53,21,0.0
2019-11-21T10:19:36+00:00,-37.8020173497498,144.97786900028586,4.50596,26.399999999999977,26.399999999999977,17.334000000000003,17.334000000000003,124,55,21,0.0
2019-11-21T10:19:39+00:00,-37.80211634002626,144.97784226201475,4.51837,26.799999999999955,26.799999999999955,13.9068,13.9068,125,45,21,0.0
2019-11-21T10:19:40+00:00,-37.802150286734104,144.97783807106316,4.52224,27.200000000000045,27.200000000000045,13.9068,13.9068,126,45,21,0.0
2019-11-21T10:19:44+00:00,-37.80224961228669,144.9778120033443,4.533930000000001,27.799999999999955,27.799999999999955,9.7416,9.7416,125,31,21,0.0
2019-11-21T10:19:48+00:00,-37.802437115460634,144.97781611047685,4.55082,27.600000000000023,27.600000000000023,18.5076,18.5076,126,65,21,0.0
2019-11-21T10:19:52+00:00,-37.80257139354944,144.9778202176094,4.57261,27.399999999999977,27.399999999999977,21.096,21.096,127,62,21,0.0
2019-11-21T10:19:54+00:00,-37.802652195096016,144.97782357037067,4.5839799999999995,27.799999999999955,27.799999999999955,20.088,20.088,126,57,21,0.0
2019-11-21T10:19:55+00:00,-37.80269376933575,144.97782491147518,4.58952,28.200000000000045,28.200000000000045,19.954800000000002,19.954800000000002,125,57,21,0.0
2019-11-21T10:19:57+00:00,-37.80276250094175,144.97782667167485,4.599489999999999,29.0,29.0,17.535600000000002,17.535600000000002,126,52,21,0.0
2019-11-21T10:19:59+00:00,-37.80286191031337,144.97776992619038,4.60929,29.399999999999977,29.399999999999977,17.737199999999998,17.737199999999998,126,52,21,0.0
2019-11-21T10:20:00+00:00,-37.80290977098048,144.97776581905782,4.61438,29.600000000000023,29.600000000000023,18.309600000000003,18.309600000000003,126,54,21,0.0
2019-11-21T10:20:06+00:00,-37.803160389885306,144.97776011936367,4.64656,29.600000000000023,29.600000000000023,19.1808,19.1808,124,55,21,0.0
2019-11-21T10:20:07+00:00,-37.80319668352604,144.97776539996266,4.651890000000001,29.600000000000023,29.600000000000023,19.1808,19.1808,125,56,21,0.0
2019-11-21T10:20:09+00:00,-37.80326382257044,144.9777757935226,4.66215,30.0,30.0,18.241200000000003,18.241200000000003,124,53,21,0.0
2019-11-21T10:20:11+00:00,-37.803338672965765,144.97777621261775,4.6722,30.399999999999977,30.399999999999977,17.9712,17.9712,120,52,21,0.0
2019-11-21T10:20:12+00:00,-37.80338418669999,144.97777755372226,4.67718,30.600000000000023,30.600000000000023,17.9388,17.9388,121,51,21,0.0
2019-11-21T10:20:14+00:00,-37.803456941619515,144.9777731951326,4.687,31.0,31.0,17.6724,17.6724,120,52,21,0.0
2019-11-21T10:20:17+00:00,-37.80370890162885,144.97768501751125,4.70172,31.0,31.0,17.636400000000002,17.636400000000002,118,49,21,0.0
2019-11-21T10:20:19+00:00,-37.803835636004806,144.97764805331826,4.71156,31.0,31.0,17.737199999999998,17.737199999999998,115,44,21,0.0
2019-11-21T10:20:23+00:00,-37.80403956770897,144.9775949958712,4.73189,31.200000000000045,31.200000000000045,18.7776,18.7776,116,46,21,0.0
2019-11-21T10:20:24+00:00,-37.804091116413474,144.9775834288448,4.7371099999999995,31.200000000000045,31.200000000000045,18.8136,18.8136,116,47,21,0.0
2019-11-21T10:20:27+00:00,-37.804234363138676,144.97756004333496,4.75287,31.799999999999955,31.799999999999955,18.8136,18.8136,114,46,21,0.0
2019-11-21T10:20:29+00:00,-37.80431902036071,144.97754688374698,4.76376,32.39999999999998,32.39999999999998,20.16,20.16,111,48,21,0.0
2019-11-21T10:20:30+00:00,-37.804354140535,144.97754520736635,4.76948,32.799999999999955,32.799999999999955,20.5272,20.5272,111,50,21,0.0
2019-11-21T10:20:31+00:00,-37.80439403839409,144.97753841802478,4.77534,33.0,33.0,21.0636,21.0636,111,52,21,0.0
2019-11-21T10:20:32+00:00,-37.80443100258708,144.97753649018705,4.78134,33.39999999999998,33.39999999999998,21.636,21.636,110,53,21,0.0
2019-11-21T10:20:35+00:00,-37.8045803681016,144.97751805000007,4.79976,33.799999999999955,33.799999999999955,22.8132,22.8132,114,57,21,0.0
2019-11-21T10:20:36+00:00,-37.80463267117739,144.9775342270732,4.80617,33.799999999999955,33.799999999999955,23.0796,23.0796,115,57,21,0.0
2019-11-21T10:20:37+00:00,-37.804677095264196,144.9775323830545,4.81269,34.0,34.0,23.4828,23.4828,118,58,21,0.0
2019-11-21T10:20:39+00:00,-37.80481472611427,144.9775096680969,4.82571,34.0,34.0,23.4144,23.4144,120,58,21,0.0
2019-11-21T10:20:41+00:00,-37.804959481582046,144.9774851091206,4.83845,34.200000000000045,34.200000000000045,22.474800000000002,22.474800000000002,122,58,21,0.0
2019-11-21T10:20:42+00:00,-37.80502972193062,144.97746733948588,4.84456,34.200000000000045,34.200000000000045,22.006800000000002,22.006800000000002,122,58,21,0.0
2019-11-21T10:20:44+00:00,-37.80514279380441,144.97744051739573,4.8564,34.39999999999998,34.39999999999998,21.3012,21.3012,125,11,21,0.0
2019-11-21T10:20:47+00:00,-37.80530624091625,144.97739852406085,4.87535,35.0,35.0,23.616,23.616,126,61,20,0.0
2019-11-21T10:20:50+00:00,-37.80551184900105,144.9773680139333,4.897600000000001,36.0,36.0,28.018800000000002,28.018800000000002,126,71,20,0.0
2019-11-21T10:20:56+00:00,-37.80595349147916,144.9772644136101,4.94575,35.60000000000002,35.60000000000002,27.45,27.45,127,70,20,0.0
2019-11-21T10:21:04+00:00,-37.80652572400868,144.9771615676582,5.00395,37.0,37.0,25.2,25.2,130,63,20,0.0
2019-11-21T10:21:08+00:00,-37.806780617684126,144.97711705975235,5.0325,38.200000000000045,38.200000000000045,26.377200000000002,26.377200000000002,129,66,20,0.0
2019-11-21T10:21:09+00:00,-37.80684465542436,144.97710524126887,5.03983,38.39999999999998,38.39999999999998,26.377200000000002,26.377200000000002,128,67,20,0.0
2019-11-21T10:21:14+00:00,-37.80716576613486,144.97704707086086,5.07709,39.39999999999998,39.39999999999998,27.0792,27.0792,128,67,20,0.0
2019-11-21T10:21:15+00:00,-37.80724204145372,144.97704170644283,5.08467,39.39999999999998,39.39999999999998,27.280800000000003,27.280800000000003,129,68,20,0.0
2019-11-21T10:21:17+00:00,-37.807414289563894,144.9770281277597,5.0999099999999995,39.799999999999955,39.799999999999955,27.5472,27.5472,132,69,20,0.0
2019-11-21T10:21:20+00:00,-37.807656191289425,144.97700097039342,5.12442,40.0,40.0,30.168000000000003,30.168000000000003,127,75,20,0.0
2019-11-21T10:21:21+00:00,-37.80772835947573,144.97698630206287,5.13279,40.0,40.0,30.168000000000003,30.168000000000003,127,77,20,0.0
2019-11-21T10:21:27+00:00,-37.80814309604466,144.97693466953933,5.17999,39.200000000000045,39.200000000000045,27.5472,27.5472,130,72,20,0.0
2019-11-21T10:21:28+00:00,-37.80821987427771,144.97693031094968,5.18766,39.0,39.0,27.648,27.648,129,72,20,0.0
2019-11-21T10:21:32+00:00,-37.80842749401927,144.97688286937773,5.21528,39.0,39.0,23.2848,23.2848,133,36,20,0.0
2019-11-21T10:21:33+00:00,-37.80846261419356,144.97685118578374,5.22133,39.200000000000045,39.200000000000045,21.805200000000003,21.805200000000003,133,36,20,0.0
2019-11-21T10:21:35+00:00,-37.80850016511977,144.97672797180712,5.2332600000000005,39.39999999999998,39.39999999999998,21.4704,21.4704,137,73,20,0.0
2019-11-21T10:21:36+00:00,-37.80850519426167,144.97665756382048,5.23929,39.39999999999998,39.39999999999998,21.7044,21.7044,139,72,20,0.0
2019-11-21T10:21:37+00:00,-37.80851097777486,144.97659193351865,5.2454,39.39999999999998,39.39999999999998,22.006800000000002,22.006800000000002,140,71,20,0.0
2019-11-21T10:21:41+00:00,-37.80853075906634,144.97629940509796,5.2701899999999995,39.39999999999998,39.39999999999998,22.176000000000002,22.176000000000002,140,73,20,0.0
2019-11-21T10:21:43+00:00,-37.808425733819604,144.97616386972368,5.28241,39.39999999999998,39.39999999999998,22.006800000000002,22.006800000000002,140,69,20,0.0
2019-11-21T10:21:47+00:00,-37.80837862752378,144.97587125748396,5.30746,38.799999999999955,38.799999999999955,23.3136,23.3136,138,67,20,0.0
2019-11-21T10:21:55+00:00,-37.808297742158175,144.97525116428733,5.3643,38.39999999999998,38.39999999999998,27.7452,27.7452,139,70,20,0.0
2019-11-21T10:21:56+00:00,-37.80828416347504,144.97516156174242,5.37214,38.200000000000045,38.200000000000045,28.2168,28.2168,139,71,20,0.0
2019-11-21T10:22:01+00:00,-37.80824032612145,144.97468429617584,5.41419,37.200000000000045,37.200000000000045,31.474800000000002,31.474800000000002,139,67,20,0.0
2019-11-21T10:22:02+00:00,-37.80823403969407,144.9745840486139,5.42319,37.0,37.0,32.382,32.382,140,69,20,0.0
2019-11-21T10:22:06+00:00,-37.80820218846202,144.97415715828538,5.46069,36.0,36.0,34.2288,34.2288,141,73,20,0.0
2019-11-21T10:22:07+00:00,-37.808188358321786,144.9740493670106,5.47043,35.60000000000002,35.60000000000002,35.0676,35.0676,141,74,20,0.0
2019-11-21T10:22:10+00:00,-37.80815080739558,144.97371920384467,5.50002,35.0,35.0,36.043200000000006,36.043200000000006,145,77,20,0.0
2019-11-21T10:22:11+00:00,-37.808132618665695,144.97360772453249,5.51007,34.60000000000002,34.60000000000002,36.1764,36.1764,146,84,20,0.0
2019-11-21T10:22:13+00:00,-37.808119459077716,144.9733664933592,5.53064,33.60000000000002,33.60000000000002,37.386,37.386,145,81,20,0.0
2019-11-21T10:22:14+00:00,-37.808113507926464,144.97325216419995,5.54103,33.200000000000045,33.200000000000045,37.386,37.386,146,78,20,0.0
2019-11-21T10:22:18+00:00,-37.80806539580226,144.9727932550013,5.582649999999999,32.200000000000045,32.200000000000045,37.5588,37.5588,145,80,20,0.0
2019-11-21T10:22:21+00:00,-37.808036813512444,144.97242570854723,5.61467,31.600000000000023,31.600000000000023,38.833200000000005,38.833200000000005,142,80,21,0.0
2019-11-21T10:22:23+00:00,-37.807988952845335,144.97205070219934,5.63669,31.0,31.0,39.607200000000006,39.607200000000006,142,24,20,0.0
2019-11-21T10:22:27+00:00,-37.80790043994784,144.9716710858047,5.6793000000000005,30.0,30.0,35.5428,35.5428,140,45,20,0.0
2019-11-21T10:22:28+00:00,-37.807863308116794,144.9715695809573,5.6883,29.799999999999955,29.799999999999955,32.385600000000004,32.385600000000004,139,45,20,0.0
2019-11-21T10:22:30+00:00,-37.807831121608615,144.9714625440538,5.7002,29.600000000000023,29.600000000000023,16.153200000000002,16.153200000000002,139,45,20,0.0
2019-11-21T10:22:33+00:00,-37.80781720764935,144.97143873944879,5.708399999999999,29.600000000000023,29.600000000000023,5.0976,5.0976,139,0,20,0.0
2019-11-21T10:23:06+00:00,-37.807863391935825,144.9714192096144,5.708399999999999,29.0,29.0,11.556000000000001,11.556000000000001,125,0,21,0.0
2019-11-21T10:23:07+00:00,-37.80785081908107,144.97137973085046,5.71253,29.0,29.0,14.8788,14.8788,124,47,21,0.0
2019-11-21T10:23:10+00:00,-37.807797845453024,144.9712104164064,5.72914,28.799999999999955,28.799999999999955,21.499200000000002,21.499200000000002,128,64,21,0.0
2019-11-21T10:23:12+00:00,-37.80776934698224,144.97107186354697,5.74235,28.399999999999977,28.399999999999977,23.9832,23.9832,130,47,21,0.0
2019-11-21T10:23:15+00:00,-37.80774529092014,144.97086457908154,5.7629399999999995,27.799999999999955,27.799999999999955,24.8904,24.8904,129,0,21,0.0
2019-11-21T10:23:17+00:00,-37.807737244293094,144.97069627046585,5.7779300000000005,27.200000000000045,27.200000000000045,27.5436,27.5436,129,67,21,0.0
2019-11-21T10:23:18+00:00,-37.80773892067373,144.9706049915403,5.785819999999999,26.799999999999955,26.799999999999955,28.418400000000002,28.418400000000002,128,60,21,0.0
2019-11-21T10:23:19+00:00,-37.80775358900428,144.9705137964338,5.79399,26.600000000000023,26.600000000000023,29.3904,29.3904,127,63,21,0.0
2019-11-21T10:23:21+00:00,-37.80779482796788,144.9703304003924,5.81113,25.799999999999955,25.799999999999955,31.474800000000002,31.474800000000002,129,66,21,0.0
2019-11-21T10:23:22+00:00,-37.80781754292548,144.97023870237172,5.82002,25.399999999999977,25.399999999999977,31.978799999999996,31.978799999999996,129,72,21,0.0
2019-11-21T10:23:24+00:00,-37.80788375996053,144.96993536129594,5.83849,25.0,25.0,33.894,33.894,131,69,21,0.0
2019-11-21T10:23:25+00:00,-37.807900020852685,144.96982907876372,5.8479399999999995,24.600000000000023,24.600000000000023,34.0272,34.0272,133,69,21,0.0
2019-11-21T10:23:26+00:00,-37.807900020852685,144.96982907876372,5.85741,24.399999999999977,24.399999999999977,34.0272,34.0272,134,69,21,0.0
2019-11-21T10:23:28+00:00,-37.80797059647739,144.96949422173202,5.8765,23.200000000000045,23.200000000000045,34.632,34.632,137,13,21,0.0
2019-11-21T10:23:31+00:00,-37.80803605914116,144.96922533027828,5.90435,22.0,22.0,32.634,32.634,136,34,21,0.0
2019-11-21T10:23:34+00:00,-37.80809783376753,144.96905132196844,5.9263,21.399999999999977,21.399999999999977,22.564799999999998,22.564799999999998,137,34,21,0.0
2019-11-21T10:23:38+00:00,-37.80816270969808,144.96898292563856,5.94112,21.600000000000023,21.600000000000023,7.362,7.362,136,0,21,0.0
2019-11-21T10:24:21+00:00,-37.80842154286802,144.96860171668231,5.94112,20.799999999999955,20.799999999999955,15.4512,15.4512,121,52,21,0.0
2019-11-21T10:24:22+00:00,-37.8083963971585,144.96856324374676,5.94634,20.799999999999955,20.799999999999955,18.81,18.81,122,69,21,0.0
2019-11-21T10:24:24+00:00,-37.808355409651995,144.96846509166062,5.95942,20.200000000000045,20.200000000000045,24.9588,24.9588,125,84,21,0.0
2019-11-21T10:24:26+00:00,-37.80834736302495,144.96833165176213,5.97375,20.0,20.0,25.83,25.83,126,84,21,0.0
2019-11-21T10:24:27+00:00,-37.80834409408271,144.968270547688,5.98114,19.799999999999955,19.799999999999955,26.636400000000002,26.636400000000002,124,90,21,0.0
2019-11-21T10:24:28+00:00,-37.80831467360258,144.9681851360947,5.9885399999999995,19.399999999999977,19.399999999999977,26.636400000000002,26.636400000000002,127,77,21,0.0
2019-11-21T10:24:29+00:00,-37.80816690064967,144.9679801147431,5.99591,19.200000000000045,19.200000000000045,26.535600000000002,26.535600000000002,125,76,21,0.0
2019-11-21T10:24:30+00:00,-37.80808878131211,144.9677771050483,6.00328,19.200000000000045,19.200000000000045,26.535600000000002,26.535600000000002,125,76,21,0.0
2019-11-21T10:24:32+00:00,-37.80803211964667,144.96754844672978,6.0179,19.399999999999977,19.399999999999977,26.200799999999997,26.200799999999997,123,77,21,0.0
2019-11-21T10:24:34+00:00,-37.80806070193648,144.96738684363663,6.032100000000001,19.799999999999955,19.799999999999955,25.5276,25.5276,124,72,21,0.0
2019-11-21T10:24:35+00:00,-37.80816371552646,144.96738743036985,6.03912,19.799999999999955,19.799999999999955,25.261200000000002,25.261200000000002,123,73,21,0.0
2019-11-21T10:24:41+00:00,-37.808421375229955,144.96722666546702,6.080439999999999,20.600000000000023,20.600000000000023,24.487199999999998,24.487199999999998,122,71,21,0.0
2019-11-21T10:24:42+00:00,-37.808483904227614,144.96718039736152,6.08704,20.799999999999955,20.799999999999955,23.749200000000002,23.749200000000002,123,68,21,0.0
2019-11-21T10:24:43+00:00,-37.808520114049315,144.96712499298155,6.09326,21.0,21.0,22.4388,22.4388,122,64,21,0.0
2019-11-21T10:24:44+00:00,-37.80855003744364,144.96707310900092,6.09941,21.0,21.0,22.136400000000002,22.136400000000002,122,64,21,0.0
2019-11-21T10:24:45+00:00,-37.80859312042594,144.9670265056193,6.1055600000000005,21.399999999999977,21.399999999999977,22.136400000000002,22.136400000000002,123,66,21,0.0
2019-11-21T10:24:47+00:00,-37.80864978209138,144.96694285422564,6.11788,22.0,22.0,22.1688,22.1688,127,65,21,0.0
2019-11-21T10:24:48+00:00,-37.808663276955485,144.96690396219492,6.12371,22.399999999999977,22.399999999999977,20.9952,20.9952,130,59,21,0.0
2019-11-21T10:24:50+00:00,-37.80866855755448,144.9668607953936,6.1344899999999996,23.0,23.0,18.846,18.846,133,78,21,0.0
2019-11-21T10:24:55+00:00,-37.80863452702761,144.96667538769543,6.15477,24.200000000000045,24.200000000000045,12.024,12.024,131,44,21,0.0
2019-11-21T10:24:59+00:00,-37.80868926085532,144.96656550094485,6.1647799999999995,24.600000000000023,24.600000000000023,7.4232,7.4232,132,38,20,0.0
2019-11-21T10:25:19+00:00,-37.8086572419852,144.96591699309647,6.1647799999999995,24.600000000000023,24.600000000000023,13.233600000000001,13.233600000000001,123,0,21,0.0
2019-11-21T10:25:20+00:00,-37.80871817842126,144.9659942742437,6.1693299999999995,24.600000000000023,24.600000000000023,16.3908,16.3908,122,82,21,0.0
2019-11-21T10:25:22+00:00,-37.80881389975548,144.96604506857693,6.18095,24.600000000000023,24.600000000000023,21.8664,21.8664,121,97,21,0.0
2019-11-21T10:25:25+00:00,-37.80889864079654,144.96592495590448,6.20139,24.0,24.0,24.7896,24.7896,123,89,21,0.0
2019-11-21T10:25:26+00:00,-37.80892102047801,144.9658634327352,6.20852,23.799999999999955,23.799999999999955,25.6968,25.6968,127,86,21,0.0
2019-11-21T10:25:27+00:00,-37.80894482508302,144.96579277329147,6.21582,23.399999999999977,23.399999999999977,26.269199999999998,26.269199999999998,130,79,21,0.0
2019-11-21T10:25:28+00:00,-37.808972988277674,144.96571892872453,6.22324,23.200000000000045,23.200000000000045,26.704800000000002,26.704800000000002,132,79,21,0.0
2019-11-21T10:25:31+00:00,-37.809046329930425,144.96548281051219,6.24604,22.600000000000023,22.600000000000023,27.7452,27.7452,135,44,21,0.0
2019-11-21T10:25:32+00:00,-37.80906761996448,144.9653979856521,6.25377,22.600000000000023,22.600000000000023,27.846,27.846,134,44,21,0.0
2019-11-21T10:25:33+00:00,-37.8090840484947,144.9653087183833,6.26151,22.399999999999977,22.399999999999977,27.846,27.846,134,44,21,0.0
2019-11-21T10:25:34+00:00,-37.8091096971184,144.96513378806412,6.26929,22.0,22.0,28.0152,28.0152,134,44,21,0.0
2019-11-21T10:25:37+00:00,-37.8091355971992,144.9649653956294,6.2926899999999995,21.0,21.0,27.846,27.846,132,0,21,0.0
2019-11-21T10:25:38+00:00,-37.80915026552975,144.9648662377149,6.3004,20.799999999999955,20.799999999999955,27.7452,27.7452,131,0,21,0.0
2019-11-21T10:25:40+00:00,-37.80918647535145,144.96470413170755,6.3156300000000005,20.200000000000045,20.200000000000045,27.2772,27.2772,131,0,21,0.0
2019-11-21T10:25:41+00:00,-37.80926903709769,144.9646276049316,6.32325,19.799999999999955,19.799999999999955,27.442800000000002,27.442800000000002,130,6,21,0.0
2019-11-21T10:25:42+00:00,-37.80926903709769,144.9646276049316,6.33096,19.600000000000023,19.600000000000023,27.748800000000003,27.748800000000003,129,59,21,0.0
2019-11-21T10:25:44+00:00,-37.80931723304093,144.96447253972292,6.3468100000000005,18.600000000000023,18.600000000000023,28.9584,28.9584,127,62,21,0.0
2019-11-21T10:25:47+00:00,-37.809408847242594,144.96410465799272,6.37144,17.600000000000023,17.600000000000023,30.0348,30.0348,129,64,21,0.0
2019-11-21T10:25:48+00:00,-37.80949953943491,144.96405813843012,6.38013,17.399999999999977,17.399999999999977,30.502800000000004,30.502800000000004,128,66,21,0.0
2019-11-21T10:25:52+00:00,-37.809693831950426,144.96378547511995,6.41569,17.200000000000045,17.200000000000045,32.8896,32.8896,128,70,21,0.0
2019-11-21T10:25:55+00:00,-37.80983439646661,144.9634991493076,6.4434700000000005,16.799999999999955,16.799999999999955,33.66,33.66,131,70,21,0.0
2019-11-21T10:25:56+00:00,-37.80985585413873,144.963402422145,6.45317,16.200000000000045,16.200000000000045,34.938,34.938,133,0,21,0.0
2019-11-21T10:25:57+00:00,-37.809878988191485,144.96330628171563,6.46287,15.600000000000023,15.600000000000023,34.938,34.938,134,0,21,0.0
2019-11-21T10:25:58+00:00,-37.809900445863605,144.96320796199143,6.472090000000001,15.200000000000045,15.200000000000045,33.192,33.192,135,0,21,0.0
2019-11-21T10:26:00+00:00,-37.80994964763522,144.96303445659578,6.49053,14.600000000000023,14.600000000000023,33.192,33.192,138,0,20,0.0
2019-11-21T10:26:02+00:00,-37.80990128405392,144.96278031729162,6.50847,14.0,14.0,31.824,31.824,139,0,20,0.0
2019-11-21T10:26:04+00:00,-37.8099731169641,144.9626552592963,6.5261499999999995,13.399999999999977,13.399999999999977,31.7232,31.7232,141,0,20,0.0
2019-11-21T10:26:05+00:00,-37.8099731169641,144.96254998259246,6.535069999999999,12.799999999999955,12.799999999999955,32.1264,32.1264,141,0,20,0.0
2019-11-21T10:26:07+00:00,-37.81000672839582,144.9623708613217,6.55292,11.800000000000011,11.800000000000011,32.1264,32.1264,143,16,20,0.0
2019-11-21T10:26:08+00:00,-37.81002826988697,144.9622887186706,6.56156,11.199999999999989,11.199999999999989,31.1184,31.1184,141,16,20,0.0
2019-11-21T10:26:10+00:00,-37.8100164514035,144.96207204647362,6.57816,10.800000000000011,10.800000000000011,28.767599999999998,28.767599999999998,143,16,20,0.0
2019-11-21T10:26:11+00:00,-37.81003765761852,144.96198722161353,6.585640000000001,10.800000000000011,10.800000000000011,26.9208,26.9208,143,16,20,0.0
2019-11-21T10:26:12+00:00,-37.81004285439849,144.96189393103123,6.59279,10.600000000000023,10.600000000000023,25.7328,25.7328,143,16,20,0.0
2019-11-21T10:26:14+00:00,-37.810083674266934,144.96157659217715,6.60619,10.399999999999977,10.399999999999977,23.450400000000002,23.450400000000002,141,16,20,0.0
2019-11-21T10:26:15+00:00,-37.810083674266934,144.96157659217715,6.6123199999999995,10.199999999999989,10.199999999999989,22.0752,22.0752,141,16,20,0.0
2019-11-21T10:26:16+00:00,-37.81012499704957,144.96153376065195,6.617520000000001,10.0,10.0,18.691200000000002,18.691200000000002,141,16,20,0.0
2019-11-21T10:26:17+00:00,-37.81014352105558,144.96150450780988,6.62137,9.800000000000011,9.800000000000011,13.870800000000001,13.870800000000001,140,16,20,0.0
2019-11-21T10:26:18+00:00,-37.81020009890199,144.96149486862123,6.6241,9.600000000000023,9.600000000000023,9.8352,9.8352,138,16,20,0.0
2019-11-21T10:26:20+00:00,-37.810251312330365,144.96153241954744,6.62686,9.600000000000023,9.600000000000023,0.0,0.0,140,0,20,0.0
2019-11-21T10:26:52+00:00,-37.810371508821845,144.96171304956079,6.62686,8.600000000000023,8.600000000000023,14.04,14.04,117,52,21,0.0
2019-11-21T10:26:54+00:00,-37.81026220880449,144.96160467155278,6.6361300000000005,8.399999999999977,8.399999999999977,17.568,17.568,114,65,21,0.0
2019-11-21T10:26:55+00:00,-37.810253323987126,144.96155261993408,6.64181,8.199999999999989,8.199999999999989,20.4552,20.4552,112,73,21,0.0
2019-11-21T10:26:58+00:00,-37.81029732897878,144.96135824359953,6.661689999999999,8.399999999999977,8.399999999999977,24.7896,24.7896,114,82,21,0.0
2019-11-21T10:26:59+00:00,-37.81042339280248,144.96126847341657,6.66857,8.600000000000023,8.600000000000023,24.7896,24.7896,115,76,21,0.0
2019-11-21T10:27:01+00:00,-37.81060737557709,144.96119052171707,6.682300000000001,8.600000000000023,8.600000000000023,24.6564,24.6564,118,72,21,0.0
2019-11-21T10:27:03+00:00,-37.81066143885255,144.96112145483494,6.6952799999999995,8.600000000000023,8.600000000000023,22.8744,22.8744,119,51,21,0.0
2019-11-21T10:27:04+00:00,-37.81066143885255,144.96112145483494,6.70051,8.800000000000011,8.800000000000011,18.846,18.846,120,51,21,0.0
2019-11-21T10:27:07+00:00,-37.810907531529665,144.9609794653952,6.711060000000001,9.800000000000011,9.800000000000011,11.79,11.79,119,0,21,0.0
2019-11-21T10:27:08+00:00,-37.81095304526389,144.9609691556543,6.71328,10.0,10.0,7.9596,7.9596,118,0,21,0.0
2019-11-21T10:27:11+00:00,-37.81100400723517,144.9609217979014,6.71328,9.800000000000011,9.800000000000011,9.4392,9.4392,115,0,21,0.0
2019-11-21T10:27:12+00:00,-37.81103149987757,144.9608887732029,6.7158999999999995,10.399999999999977,10.399999999999977,9.4392,9.4392,116,31,21,0.0
2019-11-21T10:27:15+00:00,-37.81104566529393,144.96079447679222,6.7277,10.399999999999977,10.399999999999977,16.1028,16.1028,115,47,21,0.0
2019-11-21T10:27:17+00:00,-37.811041390523314,144.96067319065332,6.737550000000001,10.800000000000011,10.800000000000011,18.252000000000002,18.252000000000002,114,54,21,0.0
2019-11-21T10:27:18+00:00,-37.811029739677906,144.96064293198287,6.742970000000001,10.800000000000011,10.800000000000011,19.5228,19.5228,114,58,21,0.0
2019-11-21T10:27:19+00:00,-37.811029739677906,144.96064293198287,6.7485,11.0,11.0,19.8972,19.8972,114,56,21,0.0
2019-11-21T10:27:22+00:00,-37.81095287762582,144.96045408770442,6.7663400000000005,11.199999999999989,11.199999999999989,22.3056,22.3056,118,63,21,0.0
2019-11-21T10:27:23+00:00,-37.81093125231564,144.9604112561792,6.77254,11.199999999999989,11.199999999999989,22.3056,22.3056,121,64,21,0.0
2019-11-21T10:27:25+00:00,-37.810888420790434,144.96024571359158,6.78466,11.399999999999977,11.399999999999977,21.636,21.636,122,63,21,0.0
2019-11-21T10:27:26+00:00,-37.81080812215805,144.9600970186293,6.790649999999999,11.600000000000023,11.600000000000023,21.4668,21.4668,123,63,21,0.0
2019-11-21T10:27:28+00:00,-37.81066873110831,144.9597362615168,6.802359999999999,12.0,12.0,20.7936,20.7936,123,69,21,0.0
2019-11-21T10:27:29+00:00,-37.81063453294337,144.95976710692048,6.80776,12.200000000000045,12.200000000000045,19.450799999999997,19.450799999999997,124,69,21,0.0
2019-11-21T10:27:31+00:00,-37.810633443295956,144.95966208167374,6.81785,12.799999999999955,12.799999999999955,17.604,17.604,125,71,21,0.0
2019-11-21T10:27:32+00:00,-37.810665126889944,144.95961874723434,6.82262,13.200000000000045,13.200000000000045,17.168400000000002,17.168400000000002,125,71,21,0.0
2019-11-21T10:27:33+00:00,-37.81072128564119,144.95955722406507,6.82726,13.399999999999977,13.399999999999977,16.6968,16.6968,124,67,21,0.0
2019-11-21T10:27:36+00:00,-37.810754561796784,144.95941607281566,6.839770000000001,14.200000000000045,14.200000000000045,14.0436,14.0436,123,55,21,0.0
2019-11-21T10:27:37+00:00,-37.81080451793969,144.95927860960364,6.843229999999999,14.399999999999977,14.399999999999977,12.466800000000001,12.466800000000001,121,48,21,0.0
2019-11-21T10:27:39+00:00,-37.81082027591765,144.95926997624338,6.84931,15.0,15.0,10.1484,10.1484,121,42,21,0.0
2019-11-21T10:27:40+00:00,-37.81082027591765,144.95926997624338,6.85182,15.200000000000045,15.200000000000045,9.0396,9.0396,124,42,21,0.0
2019-11-21T10:27:41+00:00,-37.81097173690796,144.95931884273887,6.85436,15.399999999999977,15.399999999999977,9.0396,9.0396,123,24,21,0.0
2019-11-21T10:27:43+00:00,-37.81093175522983,144.95916310697794,6.85687,15.600000000000023,15.600000000000023,0.0,0.0,124,24,21,0.0
2019-11-21T10:28:21+00:00,-37.8112062625587,144.9590757675469,6.85687,14.399999999999977,14.399999999999977,14.1084,14.1084,112,54,21,0.0
2019-11-21T10:28:22+00:00,-37.81120643019676,144.9589629471302,6.8614,14.200000000000045,14.200000000000045,16.326,16.326,112,86,21,0.0
2019-11-21T10:28:25+00:00,-37.81121749430895,144.95873948559165,6.87863,13.799999999999955,13.799999999999955,21.4632,21.4632,109,94,21,0.0
2019-11-21T10:28:26+00:00,-37.81122772023082,144.9586801417172,6.884600000000001,13.799999999999955,13.799999999999955,21.499200000000002,21.499200000000002,111,79,21,0.0
2019-11-21T10:28:27+00:00,-37.81125269830227,144.95856170542538,6.890569999999999,14.0,14.0,21.4632,21.4632,110,79,21,0.0
2019-11-21T10:28:33+00:00,-37.81124188564718,144.95817714370787,6.9245600000000005,15.0,15.0,20.1888,20.1888,115,74,21,0.0
2019-11-21T10:28:34+00:00,-37.811250519007444,144.95812291279435,6.930140000000001,15.399999999999977,15.399999999999977,20.088,20.088,115,73,21,0.0
2019-11-21T10:28:38+00:00,-37.8112752456218,144.95788696222007,6.9517299999999995,16.600000000000023,16.600000000000023,18.81,18.81,118,70,21,0.0
2019-11-21T10:28:39+00:00,-37.81128538772464,144.95783407241106,6.95692,17.0,17.0,18.6768,18.6768,119,68,21,0.0
2019-11-21T10:28:41+00:00,-37.81129527837038,144.95772301219404,6.9668,17.399999999999977,17.399999999999977,17.6004,17.6004,123,63,21,0.0
2019-11-21T10:28:42+00:00,-37.81132620759308,144.95772066526115,6.97161,17.799999999999955,17.799999999999955,17.298,17.298,123,63,21,0.0
2019-11-21T10:28:44+00:00,-37.81130659393966,144.95760994032025,6.981199999999999,18.0,18.0,17.1648,17.1648,122,65,21,0.0
2019-11-21T10:28:47+00:00,-37.81133182346821,144.9574472475797,6.995640000000001,18.799999999999955,18.799999999999955,17.265600000000003,17.265600000000003,125,63,21,0.0
2019-11-21T10:28:50+00:00,-37.81138018704951,144.95733291842043,7.0097,19.799999999999955,19.799999999999955,16.6032,16.6032,126,59,21,0.0
2019-11-21T10:28:51+00:00,-37.81140223145485,144.95727960951626,7.01421,20.0,20.0,16.1316,16.1316,126,57,21,0.0
2019-11-21T10:28:53+00:00,-37.81145067885518,144.95716804638505,7.02387,20.200000000000045,20.200000000000045,18.651600000000002,18.651600000000002,126,73,21,0.0
2019-11-21T10:28:55+00:00,-37.81159970909357,144.95700887404382,7.03606,20.600000000000023,20.600000000000023,23.0148,23.0148,126,83,21,0.0
2019-11-21T10:28:57+00:00,-37.81166626140475,144.95687182992697,7.04986,21.0,21.0,25.6032,25.6032,127,93,21,0.0
2019-11-21T10:28:58+00:00,-37.811693334952,144.9567955546081,7.05723,21.0,21.0,26.5428,26.5428,126,97,21,0.0
2019-11-21T10:29:00+00:00,-37.811722503975034,144.95671743527055,7.07205,21.399999999999977,21.399999999999977,26.8092,26.8092,126,87,21,0.0
2019-11-21T10:29:02+00:00,-37.81182342208922,144.9565613642335,7.08699,22.200000000000045,22.200000000000045,27.0792,27.0792,126,88,21,0.0
2019-11-21T10:29:05+00:00,-37.81191444955766,144.9563073925674,7.10968,23.200000000000045,23.200000000000045,27.954,27.954,128,82,21,0.0
2019-11-21T10:29:09+00:00,-37.812061635777354,144.95592425577343,7.14525,22.0,22.0,34.776,34.776,127,73,21,0.0
2019-11-21T10:29:10+00:00,-37.81210253946483,144.95581411756575,7.15543,21.200000000000045,21.200000000000045,36.6912,36.6912,125,81,21,0.0
2019-11-21T10:29:11+00:00,-37.812155932188034,144.9556981958449,7.16603,20.600000000000023,20.600000000000023,38.1024,38.1024,124,81,21,0.0
2019-11-21T10:29:13+00:00,-37.812249725684524,144.9554638378322,7.1877200000000006,18.799999999999955,18.799999999999955,39.2436,39.2436,123,83,21,0.0
2019-11-21T10:29:14+00:00,-37.81228803098202,144.95534338988364,7.198770000000001,18.0,18.0,39.8124,39.8124,123,85,21,0.0
2019-11-21T10:29:15+00:00,-37.81231887638569,144.95521917007864,7.21,17.399999999999977,17.399999999999977,40.4172,40.4172,123,86,21,0.0
2019-11-21T10:29:17+00:00,-37.8123596124351,144.95497341267765,7.23246,16.200000000000045,16.200000000000045,40.4424,40.4424,121,88,21,0.0
2019-11-21T10:29:19+00:00,-37.812404623255134,144.9547370430082,7.25283,15.0,15.0,35.7444,35.7444,119,0,21,0.0
2019-11-21T10:29:21+00:00,-37.81244116835296,144.95446178130805,7.270560000000001,14.200000000000045,14.200000000000045,30.308400000000002,30.308400000000002,122,0,21,0.0
2019-11-21T10:29:22+00:00,-37.812446197494864,144.95438952930272,7.27865,14.0,14.0,29.0988,29.0988,122,0,21,0.0
2019-11-21T10:29:23+00:00,-37.81245432794094,144.95432440191507,7.285699999999999,13.799999999999955,13.799999999999955,25.4124,25.4124,123,0,21,0.0
2019-11-21T10:29:25+00:00,-37.81246463768184,144.95420680381358,7.29728,13.799999999999955,13.799999999999955,19.6812,19.6812,125,7,21,0.0
2019-11-21T10:29:27+00:00,-37.812485843896866,144.95415751822293,7.3062,13.799999999999955,13.799999999999955,15.692400000000001,15.692400000000001,126,28,21,0.0
2019-11-21T10:29:29+00:00,-37.81248852610588,144.95413061231375,7.31343,14.0,14.0,10.868400000000001,10.868400000000001,124,28,21,0.0
2019-11-21T10:29:31+00:00,-37.81245374120772,144.95407864451408,7.31645,14.0,14.0,0.0,0.0,122,28,21,0.0
2019-11-21T10:30:12+00:00,-37.812508223578334,144.95404453016818,7.31645,13.399999999999977,13.399999999999977,11.185200000000002,11.185200000000002,113,0,21,0.0
2019-11-21T10:30:13+00:00,-37.81255432404578,144.9539576098323,7.32064,13.200000000000045,13.200000000000045,15.084000000000001,15.084000000000001,114,66,21,0.0
2019-11-21T10:30:16+00:00,-37.812605956569314,144.95371646247804,7.33905,13.200000000000045,13.200000000000045,24.6564,24.6564,117,101,21,0.0
2019-11-21T10:30:17+00:00,-37.812605956569314,144.95371646247804,7.34689,12.799999999999955,12.799999999999955,28.2168,28.2168,118,96,21,0.0
2019-11-21T10:30:19+00:00,-37.8126931283623,144.95347539894283,7.36312,12.0,12.0,29.491200000000003,29.491200000000003,121,87,21,0.0
2019-11-21T10:30:20+00:00,-37.81272020190954,144.95338629931211,7.37153,11.600000000000023,11.600000000000023,30.2652,30.2652,122,82,21,0.0
2019-11-21T10:30:22+00:00,-37.81276931986213,144.95321941561997,7.38884,11.0,11.0,31.474800000000002,31.474800000000002,120,79,21,0.0
2019-11-21T10:30:23+00:00,-37.812794633209705,144.95312310755253,7.39758,11.199999999999989,11.199999999999989,31.474800000000002,31.474800000000002,120,78,21,0.0
2019-11-21T10:30:25+00:00,-37.81285439617932,144.95294264517725,7.41506,11.199999999999989,11.199999999999989,31.474800000000002,31.474800000000002,119,80,21,0.0
2019-11-21T10:30:28+00:00,-37.812922205775976,144.95265967212617,7.44121,11.0,11.0,31.842000000000002,31.842000000000002,119,68,21,0.0
2019-11-21T10:30:31+00:00,-37.812998816370964,144.95237384922802,7.4677299999999995,10.600000000000023,10.600000000000023,31.809600000000003,31.809600000000003,116,68,21,0.0
2019-11-21T10:30:33+00:00,-37.813012562692165,144.95218995027244,7.48531,9.399999999999977,9.399999999999977,31.474800000000002,31.474800000000002,118,68,21,0.0
2019-11-21T10:30:35+00:00,-37.81304449774325,144.95200437493622,7.5025,9.0,9.0,30.9708,30.9708,121,67,21,0.0
2019-11-21T10:30:40+00:00,-37.813157653436065,144.95152635499835,7.547689999999999,9.0,9.0,32.2524,32.2524,123,66,21,0.0
2019-11-21T10:30:41+00:00,-37.813157653436065,144.95152635499835,7.55654,9.399999999999977,9.399999999999977,31.8492,31.8492,126,70,21,0.0
2019-11-21T10:30:43+00:00,-37.81321699731052,144.95135083794594,7.57434,10.399999999999977,10.399999999999977,32.119200000000006,32.119200000000006,125,69,21,0.0
2019-11-21T10:30:44+00:00,-37.81325991265476,144.95126542635262,7.58326,10.600000000000023,10.600000000000023,32.119200000000006,32.119200000000006,126,66,21,0.0
2019-11-21T10:30:45+00:00,-37.81330408528447,144.9511697050184,7.59218,10.800000000000011,10.800000000000011,32.119200000000006,32.119200000000006,126,68,21,0.0
2019-11-21T10:30:49+00:00,-37.813394106924534,144.95078388601542,7.6266300000000005,9.399999999999977,9.399999999999977,30.7404,30.7404,122,67,21,0.0
2019-11-21T10:30:50+00:00,-37.81342034228146,144.95068573392928,7.6353,8.800000000000011,8.800000000000011,31.212,31.212,119,65,21,0.0
2019-11-21T10:30:51+00:00,-37.81345076858997,144.95059043169022,7.64396,8.399999999999977,8.399999999999977,31.212,31.212,119,67,21,0.0
2019-11-21T10:30:52+00:00,-37.813568618148565,144.95040368288755,7.65268,8.199999999999989,8.199999999999989,31.345200000000002,31.345200000000002,119,66,21,0.0
2019-11-21T10:30:58+00:00,-37.813745476305485,144.94984838180244,7.70439,9.399999999999977,9.399999999999977,29.5992,29.5992,120,62,21,0.0
2019-11-21T10:31:00+00:00,-37.81379224732518,144.94968091137707,7.7202,10.399999999999977,10.399999999999977,27.752399999999998,27.752399999999998,120,58,21,0.0
2019-11-21T10:31:04+00:00,-37.813868187367916,144.94943842291832,7.7507399999999995,11.600000000000023,11.600000000000023,27.6444,27.6444,126,63,21,0.0
2019-11-21T10:31:05+00:00,-37.81389366835356,144.9493516702205,7.75829,12.0,12.0,27.1764,27.1764,129,64,21,0.0
2019-11-21T10:31:06+00:00,-37.813918981701136,144.94926114566624,7.76305,12.200000000000045,12.200000000000045,17.1648,17.1648,134,65,21,0.0
2019-11-21T10:31:07+00:00,-37.81394454650581,144.94916810654104,7.7678199999999995,12.200000000000045,12.200000000000045,17.1648,17.1648,135,67,21,0.0
2019-11-21T10:31:09+00:00,-37.813998609781265,144.9489761609584,7.785310000000001,12.600000000000023,12.600000000000023,32.245200000000004,32.245200000000004,138,67,21,0.0
2019-11-21T10:31:15+00:00,-37.814159123227,144.9484182614833,7.83697,10.600000000000023,10.600000000000023,30.398400000000002,30.398400000000002,139,63,21,0.0
2019-11-21T10:31:16+00:00,-37.814180916175246,144.9483284074813,7.84521,10.199999999999989,10.199999999999989,29.6928,29.6928,140,61,21,0.0
2019-11-21T10:31:18+00:00,-37.81423045322299,144.94815029203892,7.861680000000001,9.600000000000023,9.600000000000023,29.592000000000002,29.592000000000002,137,63,21,0.0
2019-11-21T10:31:20+00:00,-37.814314775168896,144.94787184521556,7.8787,8.800000000000011,8.800000000000011,31.607999999999997,31.607999999999997,138,71,21,0.0
2019-11-21T10:31:22+00:00,-37.81435266137123,144.94777511805296,7.896439999999999,8.0,8.0,31.607999999999997,31.607999999999997,137,71,20,0.0
2019-11-21T10:31:23+00:00,-37.81438585370779,144.94768895208836,7.90445,7.600000000000023,7.600000000000023,28.854000000000003,28.854000000000003,135,71,20,0.0
2019-11-21T10:31:25+00:00,-37.81443128362298,144.9475555960089,7.91733,6.800000000000011,6.800000000000011,21.7332,21.7332,134,0,20,0.0
2019-11-21T10:31:26+00:00,-37.814455423504114,144.94750689715147,7.92222,6.600000000000023,6.600000000000023,17.6004,17.6004,134,0,20,0.0
2019-11-21T10:31:29+00:00,-37.81450504437089,144.9473994411528,7.93415,5.600000000000023,5.600000000000023,13.068,13.068,133,7,20,0.0
2019-11-21T10:31:30+00:00,-37.814514599740505,144.94735032320023,7.93935,5.399999999999977,5.399999999999977,18.7092,18.7092,131,41,20,0.0
2019-11-21T10:31:33+00:00,-37.81455894000828,144.94714178144932,7.9595,3.6000000000000227,3.6000000000000227,27.748800000000003,27.748800000000003,128,36,20,0.0
2019-11-21T10:31:35+00:00,-37.81460512429476,144.94697255082428,7.97527,2.0,2.0,28.756800000000002,28.756800000000002,130,29,20,0.0
2019-11-21T10:31:36+00:00,-37.81466002576053,144.94678923860192,7.9838000000000005,1.1999999999999886,1.1999999999999886,30.736800000000002,30.736800000000002,127,66,20,0.0
2019-11-21T10:31:37+00:00,-37.814672850072384,144.9466861411929,7.99275,0.8000000000000114,0.8000000000000114,32.1156,32.1156,129,68,20,0.0
2019-11-21T10:31:39+00:00,-37.814715346321464,144.94659301824868,8.01165,-0.39999999999997726,-0.39999999999997726,34.333200000000005,34.333200000000005,128,76,20,0.0
2019-11-21T10:31:41+00:00,-37.81477435491979,144.94638145901263,8.03141,-2.1999999999999886,-2.1999999999999886,35.5968,35.5968,130,77,20,0.0
2019-11-21T10:31:42+00:00,-37.81480327248573,144.94627140462399,8.04135,-3.6000000000000227,-3.6000000000000227,35.5968,35.5968,131,75,20,0.0
2019-11-21T10:31:43+00:00,-37.814853228628635,144.94605389423668,8.05125,-4.600000000000023,-4.600000000000023,35.5968,35.5968,131,77,20,0.0
2019-11-21T10:31:46+00:00,-37.81490419059992,144.94584132917225,8.081529999999999,-5.800000000000011,-5.800000000000011,36.4032,36.4032,133,77,20,0.0
2019-11-21T10:31:50+00:00,-37.81499764882028,144.94541293010116,8.120890000000001,-5.600000000000023,-5.600000000000023,34.1568,34.1568,134,49,20,0.0
2019-11-21T10:31:52+00:00,-37.81505674123764,144.94524051435292,8.13825,-5.199999999999989,-5.199999999999989,29.642400000000002,29.642400000000002,133,49,20,0.0
2019-11-21T10:31:53+00:00,-37.81509445980191,144.9451770633459,8.14559,-5.199999999999989,-5.199999999999989,26.4132,26.4132,133,49,20,0.0
2019-11-21T10:31:54+00:00,-37.815146427601576,144.94513641111553,8.15265,-5.399999999999977,-5.399999999999977,25.4376,25.4376,134,49,20,0.0
2019-11-21T10:31:56+00:00,-37.81525949947536,144.945132387802,8.16636,-5.600000000000023,-5.600000000000023,24.6672,24.6672,134,84,20,0.0
2019-11-21T10:31:59+00:00,-37.815442979335785,144.94521712884307,8.18775,-6.800000000000011,-6.800000000000011,25.9416,25.9416,135,77,20,0.0
2019-11-21T10:32:00+00:00,-37.81550131738186,144.94524143636227,8.19473,-7.0,-7.0,25.1352,25.1352,134,72,20,0.0
2019-11-21T10:32:05+00:00,-37.8157979529351,144.94538602419198,8.229059999999999,-7.0,-7.0,24.3648,24.3648,130,70,20,0.0
2019-11-21T10:32:10+00:00,-37.816075226292014,144.94554025121033,8.26262,-6.199999999999989,-6.199999999999989,24.264000000000003,24.264000000000003,133,72,20,0.0
2019-11-21T10:32:11+00:00,-37.81613063067198,144.9455695040524,8.2693,-6.199999999999989,-6.199999999999989,24.0624,24.0624,133,69,20,0.0
2019-11-21T10:32:17+00:00,-37.81650739721954,144.94574275799096,8.31088,-6.0,-6.0,24.8904,24.8904,130,72,20,0.0
2019-11-21T10:32:18+00:00,-37.81656514853239,144.9457674846053,8.31775,-6.0,-6.0,24.7212,24.7212,131,69,20,0.0
2019-11-21T10:32:20+00:00,-37.81667889095843,144.9458184465766,8.33142,-6.0,-6.0,24.620400000000004,24.620400000000004,128,61,20,0.0
2019-11-21T10:32:25+00:00,-37.816968904808164,144.94595389813185,8.365540000000001,-6.199999999999989,-6.199999999999989,24.7212,24.7212,126,63,20,0.0
2019-11-21T10:32:32+00:00,-37.81738095916808,144.9461514595896,8.413260000000001,-6.800000000000011,-6.800000000000011,23.918400000000002,23.918400000000002,127,61,20,0.0
2019-11-21T10:32:37+00:00,-37.81763669103384,144.9462711531669,8.4461,-6.399999999999977,-6.399999999999977,22.741200000000003,22.741200000000003,129,57,20,0.0
2019-11-21T10:32:39+00:00,-37.81772520393133,144.9463002383709,8.45861,-6.399999999999977,-6.399999999999977,22.370400000000004,22.370400000000004,131,57,20,0.0
2019-11-21T10:32:43+00:00,-37.81789627857506,144.94634524919093,8.483600000000001,-6.800000000000011,-6.800000000000011,22.5396,22.5396,131,58,20,0.0
2019-11-21T10:32:45+00:00,-37.81800331547856,144.94638715870678,8.496469999999999,-6.600000000000023,-6.600000000000023,23.1768,23.1768,130,57,20,0.0
2019-11-21T10:32:47+00:00,-37.81810322776437,144.9464159924537,8.508719999999999,-6.399999999999977,-6.399999999999977,21.8016,21.8016,127,54,20,0.0
2019-11-21T10:32:50+00:00,-37.818239349871874,144.94643703103065,8.526549999999999,-6.0,-6.0,21.160800000000002,21.160800000000002,127,54,20,0.0
2019-11-21T10:32:52+00:00,-37.81835845671594,144.9465151503682,8.537510000000001,-6.0,-6.0,19.515600000000003,19.515600000000003,127,63,20,0.0
2019-11-21T10:32:54+00:00,-37.81846633180976,144.9466155655682,8.54768,-6.0,-6.0,18.003600000000002,18.003600000000002,126,51,20,0.0
2019-11-21T10:32:57+00:00,-37.81859055161476,144.94668773375452,8.56116,-6.0,-6.0,15.584399999999999,15.584399999999999,123,51,20,0.0
2019-11-21T10:33:00+00:00,-37.81869255937636,144.94672243483365,8.57212,-5.800000000000011,-5.800000000000011,11.79,11.79,126,0,20,0.0
2019-11-21T10:33:03+00:00,-37.81876673921943,144.94674917310476,8.58082,-5.399999999999977,-5.399999999999977,9.709200000000001,9.709200000000001,127,0,20,0.0
2019-11-21T10:33:05+00:00,-37.81879523769021,144.94675487279892,8.58555,-5.0,-5.0,8.0604,8.0604,127,0,20,0.0
2019-11-21T10:33:06+00:00,-37.818798841908574,144.94675252586603,8.58555,-4.600000000000023,-4.600000000000023,0.0,0.0,129,0,20,0.0
2019-11-21T10:34:07+00:00,-37.818850642070174,144.94674037210643,8.58555,-6.0,-6.0,9.4392,9.4392,101,65,20,0.0
2019-11-21T10:34:09+00:00,-37.81893588602543,144.94676107540727,8.59506,-6.0,-6.0,19.447200000000002,19.447200000000002,101,77,20,0.0
2019-11-21T10:34:10+00:00,-37.81898986548185,144.9467540346086,8.60092,-6.0,-6.0,21.096,21.096,100,61,20,0.0
2019-11-21T10:34:11+00:00,-37.819042252376676,144.9467265419662,8.60678,-6.0,-6.0,21.096,21.096,100,34,20,0.0
2019-11-21T10:34:13+00:00,-37.81912355683744,144.9466165713966,8.61903,-6.199999999999989,-6.199999999999989,23.011200000000002,23.011200000000002,100,105,20,0.0
2019-11-21T10:34:15+00:00,-37.8191755246371,144.94647181592882,8.63254,-6.199999999999989,-6.199999999999989,24.4188,24.4188,97,88,20,0.0
2019-11-21T10:34:18+00:00,-37.81922799535096,144.94624743238091,8.65295,-6.600000000000023,-6.600000000000023,24.487199999999998,24.487199999999998,99,79,20,0.0
2019-11-21T10:34:22+00:00,-37.819303600117564,144.94596068747342,8.67909,-7.0,-7.0,23.011200000000002,23.011200000000002,98,65,20,0.0
2019-11-21T10:34:24+00:00,-37.819344168528914,144.94583026506007,8.69172,-7.0,-7.0,22.5396,22.5396,97,64,20,0.0
2019-11-21T10:34:28+00:00,-37.81943008303642,144.94556615129113,8.716790000000001,-6.600000000000023,-6.600000000000023,22.608,22.608,99,65,20,0.0
2019-11-21T10:34:29+00:00,-37.81944642774761,144.94550144299865,8.72307,-6.600000000000023,-6.600000000000023,22.608,22.608,99,64,20,0.0
2019-11-21T10:34:30+00:00,-37.81944885849953,144.94543614797294,8.72931,-6.600000000000023,-6.600000000000023,22.4388,22.4388,101,65,20,0.0
2019-11-21T10:34:33+00:00,-37.81948959454894,144.94525216519833,8.74822,-6.399999999999977,-6.399999999999977,23.1444,23.1444,105,67,20,0.0
2019-11-21T10:34:34+00:00,-37.81950409524143,144.94518091902137,8.75465,-6.399999999999977,-6.399999999999977,23.1444,23.1444,105,69,20,0.0
2019-11-21T10:34:35+00:00,-37.81951499171555,144.94510891847312,8.76109,-6.399999999999977,-6.399999999999977,23.1768,23.1768,108,66,20,0.0
2019-11-21T10:34:37+00:00,-37.81952337361872,144.9449674319476,8.774040000000001,-6.399999999999977,-6.399999999999977,23.4144,23.4144,109,62,20,0.0
2019-11-21T10:34:39+00:00,-37.81958975829184,144.94485712610185,8.78708,-6.199999999999989,-6.199999999999989,23.479200000000002,23.479200000000002,111,59,20,0.0
2019-11-21T10:34:41+00:00,-37.81965128146112,144.9447203334421,8.800120000000001,-6.199999999999989,-6.199999999999989,23.479200000000002,23.479200000000002,113,62,20,0.0
2019-11-21T10:34:43+00:00,-37.81967869028449,144.9445678666234,8.81339,-6.0,-6.0,24.1164,24.1164,112,60,20,0.0
2019-11-21T10:34:45+00:00,-37.819718923419714,144.94443107396364,8.82682,-5.800000000000011,-5.800000000000011,24.1848,24.1848,110,61,20,0.0
2019-11-21T10:34:46+00:00,-37.819751193746924,144.94437013752759,8.833540000000001,-5.800000000000011,-5.800000000000011,24.1848,24.1848,113,61,20,0.0
2019-11-21T10:34:47+00:00,-37.81977508217096,144.94430878199637,8.84025,-5.800000000000011,-5.800000000000011,24.1848,24.1848,115,60,20,0.0
2019-11-21T10:34:49+00:00,-37.81982319429517,144.9441706482321,8.85369,-5.600000000000023,-5.600000000000023,24.1848,24.1848,120,61,20,0.0
2019-11-21T10:34:51+00:00,-37.81988631002605,144.9440337717533,8.867030000000002,-6.0,-6.0,23.9148,23.9148,122,61,20,0.0
2019-11-21T10:34:52+00:00,-37.820128882303834,144.94395372457802,8.87362,-6.199999999999989,-6.199999999999989,23.749200000000002,23.749200000000002,124,58,20,0.0
2019-11-21T10:34:53+00:00,-37.82015662640333,144.94386604987085,8.88011,-6.399999999999977,-6.399999999999977,23.346,23.346,123,59,20,0.0
2019-11-21T10:34:55+00:00,-37.820092337206006,144.94373277761042,8.892809999999999,-6.399999999999977,-6.399999999999977,22.8744,22.8744,123,57,20,0.0
2019-11-21T10:34:58+00:00,-37.82005403190851,144.94350973516703,8.91184,-5.800000000000011,-5.800000000000011,22.809600000000003,22.809600000000003,125,57,20,0.0
2019-11-21T10:35:00+00:00,-37.82002846710384,144.94334863498807,8.92436,-5.600000000000023,-5.600000000000023,22.3056,22.3056,128,75,20,0.0
2019-11-21T10:35:01+00:00,-37.82002151012421,144.94329490698874,8.93056,-5.399999999999977,-5.399999999999977,22.3056,22.3056,126,46,20,0.0
2019-11-21T10:35:04+00:00,-37.820016061887145,144.94310941547155,8.94789,-5.600000000000023,-5.600000000000023,20.052000000000003,20.052000000000003,125,46,20,0.0
2019-11-21T10:35:06+00:00,-37.820025868713856,144.94297698140144,8.95874,-5.199999999999989,-5.199999999999989,19.2132,19.2132,126,0,20,0.0
2019-11-21T10:35:08+00:00,-37.82006777822971,144.94288763031363,8.96691,-5.199999999999989,-5.199999999999989,11.9232,11.9232,126,0,20,0.0
2019-11-21T10:35:12+00:00,-37.82020012848079,144.94283658452332,8.977879999999999,-5.0,-5.0,8.398800000000001,8.398800000000001,125,0,20,0.0
2019-11-21T10:35:13+00:00,-37.820215383544564,144.94282828643918,8.98021,-5.0,-5.0,8.398800000000001,8.398800000000001,123,0,20,0.0
2019-11-21T10:35:16+00:00,-37.820274056866765,144.94283591397107,8.98757,-4.800000000000011,-4.800000000000011,8.7012,8.7012,121,0,20,0.0
2019-11-21T10:35:19+00:00,-37.82030741684139,144.94287765584886,8.99451,-4.800000000000011,-4.800000000000011,8.1288,8.1288,121,0,20,0.0
2019-11-21T10:35:21+00:00,-37.820329712703824,144.9428854510188,8.999649999999999,-4.800000000000011,-4.800000000000011,10.3788,10.3788,122,0,20,0.0
2019-11-21T10:35:22+00:00,-37.8203687723726,144.94291378185153,9.00253,-4.800000000000011,-4.800000000000011,10.3788,10.3788,121,0,20,0.0
2019-11-21T10:35:25+00:00,-37.820412274450064,144.9429457169026,9.0121,-5.199999999999989,-5.199999999999989,12.024,12.024,118,26,20,0.0
2019-11-21T10:35:26+00:00,-37.82043565995991,144.94296776130795,9.01544,-5.199999999999989,-5.199999999999989,12.024,12.024,119,26,20,0.0
2019-11-21T10:35:30+00:00,-37.82050590030849,144.94310631416738,9.02623,-5.0,-5.0,7.1892000000000005,7.1892000000000005,123,0,20,0.0
